month,basket_ret,after_tax_ret,nifty50_ret,excess_ret,tax_drag,cum_basket_rs100,cum_after_tax_rs100,cum_nifty50_rs100,basket_drawdown,nifty50_drawdown,rebalance_date,n_holdings,turnover_two_sided,est_cost_pct,avg_score,n_bought,n_sold,bought,sold
2017-09,,,,,,,,,,,2017-09-29,15.0,1.0,0.0025,0.696052,15.0,0.0,BALKRISIND;CAPLIPOINT;GAIL;GNFC;IMFA;JKPAPER;KAJARIACER;KARURVYSYA;KEC;MOIL;MOTILALOFS;PCBL;SHAKTIPUMP;TATACHEM;WELENT,
2017-10,0.097499,0.097499,0.064372,0.033127,0.0,109.749868,109.749868,106.437205,-0.006104,-0.001255,,,,,,,,,
2017-11,-0.014348,-0.014348,9.8e-05,-0.014446,0.0,108.1752,108.1752,106.447674,-0.020868,-0.01279,,,,,,,,,
2017-12,0.079841,0.079841,0.03672,0.043121,0.0,116.811978,116.811978,110.3564,0.0,0.0,2017-12-29,15.0,1.670177,0.004175,0.772132,12.0,12.0,ESCORTS;HBLENGINE;HINDCOPPER;HSCL;IFCI;M&M;RALLIS;RAMCOCEM;RPOWER;SAIL;SUNTECK;WOCKPHARMA,BALKRISIND;CAPLIPOINT;GAIL;GNFC;IMFA;KAJARIACER;KARURVYSYA;KEC;MOIL;MOTILALOFS;SHAKTIPUMP;TATACHEM
2018-01,-0.023876,-0.045405,0.021837,-0.045714,0.021529,114.022931,111.508101,112.766284,-0.093981,-0.018153,,,,,,,,,
2018-02,-0.044187,-0.044187,-0.044958,0.000771,0.0,108.984617,106.580909,107.696516,-0.134015,-0.062295,,,,,,,,,
2018-03,-0.074228,-0.074228,-0.037768,-0.03646,0.0,100.894889,98.669604,103.629065,-0.198296,-0.09771,2018-03-28,15.0,1.722729,0.004307,0.765663,12.0,12.0,ASHOKLEY;CUB;GPIL;GRASIM;HINDZINC;IDBI;JINDALSTEL;MARICO;NESTLEIND;RAIN;TATASTEEL;WHIRLPOOL,ESCORTS;HBLENGINE;HINDCOPPER;IFCI;JKPAPER;M&M;RALLIS;RAMCOCEM;RPOWER;SAIL;WELENT;WOCKPHARMA
2018-04,0.064708,0.060997,0.065574,-0.000865,0.003712,107.423644,104.688105,110.424419,-0.146418,-0.038543,,,,,,,,,
2018-05,-0.0521,-0.0521,-0.019075,-0.033024,0.0,101.826887,99.233869,108.318019,-0.19089,-0.056884,,,,,,,,,
2018-06,-0.04031,-0.04031,-0.016414,-0.023896,0.0,97.722267,95.233773,106.540119,-0.223505,-0.072364,2018-06-29,15.0,1.930886,0.004827,1.177668,14.0,14.0,AVANTIFEED;BAJFINANCE;BATAINDIA;CGPOWER;CIEINDIA;CIPLA;GRAPHITE;HDFCBANK;HEG;JUBLFOOD;KEI;KRBL;PAGEIND;TECHM,ASHOKLEY;CUB;GRASIM;HINDZINC;HSCL;IDBI;JINDALSTEL;MARICO;NESTLEIND;PCBL;RAIN;SUNTECK;TATASTEEL;WHIRLPOOL
2018-07,0.053737,0.045496,0.053277,0.00046,0.008241,102.973553,99.566524,112.216275,-0.181779,-0.022942,,,,,,,,,
2018-08,0.046735,0.046735,0.035376,0.011359,0.0,107.786063,104.219806,116.186047,-0.143539,0.0,,,,,,,,,
2018-09,-0.106117,-0.106117,-0.08767,-0.018446,0.0,96.348182,93.160363,106.0,-0.234423,-0.08767,2018-09-28,15.0,1.576523,0.003941,1.060959,11.0,11.0,ABBOTINDIA;AUROPHARMA;HINDUNILVR;ICICIGI;INTELLECT;JSWSTEEL;MASTEK;MUTHOOTFIN;RADICO;UBL;WHIRLPOOL,AVANTIFEED;BATAINDIA;CGPOWER;CIEINDIA;CIPLA;GRAPHITE;HDFCBANK;JUBLFOOD;KEI;KRBL;TECHM
2018-10,0.010562,0.005061,-0.039771,0.050333,0.005501,97.365845,93.631892,101.784305,-0.226337,-0.123954,,,,,,,,,
2018-11,0.003132,0.003132,0.040635,-0.037503,0.0,97.670836,93.925187,105.920353,-0.223914,-0.088356,,,,,,,,,
2018-12,0.010305,0.010305,0.00668,0.003625,0.0,98.67735,94.893101,106.627907,-0.215916,-0.082266,2018-12-31,15.0,1.564638,0.003912,1.029188,11.0,11.0,CONCOR;CUB;DMART;IPCALAB;JUBLFOOD;KOTAKBANK;LALPATHLAB;NESTLEIND;OIL;PFC;TECHM,ABBOTINDIA;AUROPHARMA;BAJFINANCE;GPIL;HEG;HINDUNILVR;INTELLECT;JSWSTEEL;MASTEK;PAGEIND;WHIRLPOOL
2019-01,-0.004282,-0.011928,-0.018119,0.013837,0.007646,98.254809,93.761191,104.695926,-0.219273,-0.098894,,,,,,,,,
2019-02,-0.00331,-0.00331,-0.00532,0.00201,0.0,97.929576,93.450833,104.138956,-0.221858,-0.103688,,,,,,,,,
2019-03,0.073522,0.073522,0.072131,0.001391,0.0,105.129566,100.321536,111.650584,-0.164647,-0.039036,2019-03-28,15.0,1.568906,0.003922,0.83945,12.0,12.0,ABFRL;ADANIPOWER;DCBBANK;HDFCLIFE;JUBLPHARMA;MGL;NAUKRI;PRESTIGE;PVRINOX;SBILIFE;VBL;VIPIND,CONCOR;CUB;DMART;ICICIGI;JUBLFOOD;KOTAKBANK;LALPATHLAB;MUTHOOTFIN;OIL;PFC;RADICO;TECHM
2019-04,0.013856,-0.001728,0.006493,0.007363,0.015585,106.586255,100.148136,112.375579,-0.153072,-0.032796,,,,,,,,,
2019-05,0.014316,0.014316,0.014564,-0.000248,0.0,108.112105,101.581821,114.012207,-0.140948,-0.01871,,,,,,,,,
2019-06,0.011228,0.011228,-0.015002,0.026231,0.0,109.326029,102.72242,112.301746,-0.131302,-0.033432,2019-06-28,15.0,1.773932,0.004435,1.175749,13.0,13.0,APOLLOHOSP;AXISBANK;BALRAMCHIN;BATAINDIA;CGCL;DEEPAKNTR;ICICIGI;JUSTDIAL;LTTS;MANAPPURAM;PFC;SOBHA;VGUARD,ABFRL;DCBBANK;HDFCLIFE;IPCALAB;JUBLPHARMA;MGL;NAUKRI;NESTLEIND;PRESTIGE;PVRINOX;UBL;VBL;VIPIND
2019-07,-0.05405,-0.066437,-0.063471,0.009421,0.012388,103.416983,95.897823,105.173839,-0.178255,-0.094781,,,,,,,,,
2019-08,0.030956,0.030956,-0.007452,0.038407,0.0,106.618332,98.86641,104.390114,-0.152817,-0.101526,,,,,,,,,
2019-09,0.035475,0.035475,0.040473,-0.004999,0.0,110.400588,102.373669,108.615121,-0.122764,-0.065162,2019-09-30,15.0,1.329271,0.003323,1.105804,9.0,9.0,ABBOTINDIA;BAJFINANCE;BBTC;CONCOR;HDFCAMC;HINDUNILVR;JKPAPER;MCX;NESTLEIND,AXISBANK;BATAINDIA;DEEPAKNTR;JUSTDIAL;LTTS;MANAPPURAM;PFC;SOBHA;VGUARD
2019-10,0.055516,0.05078,0.037336,0.01818,0.004736,116.529576,107.572171,112.670353,-0.074063,-0.030259,,,,,,,,,
2019-11,-0.003112,-0.003112,0.012797,-0.01591,0.0,116.166886,107.23736,114.112214,-0.076945,-0.017849,,,,,,,,,
2019-12,0.00348,0.00348,0.006002,-0.002522,0.0,116.571127,107.610528,114.797091,-0.073733,-0.011955,2019-12-31,15.0,1.784561,0.004461,1.08642,13.0,13.0,ADANIGREEN;BAJAJHLDNG;CCAVENUE;CDSL;COFORGE;CREDITACC;DEEPAKNTR;GRSE;KEI;MANAPPURAM;MIDHANI;RELAXO;TCS,ABBOTINDIA;ADANIPOWER;APOLLOHOSP;BAJFINANCE;BBTC;CGCL;CONCOR;HINDUNILVR;ICICIGI;JKPAPER;MCX;NESTLEIND;SBILIFE
2020-01,0.076738,0.056059,-0.001124,0.077862,0.020678,125.516523,113.643096,114.668026,-0.012772,-0.025423,,,,,,,,,
2020-02,-0.024967,-0.024967,-0.063419,0.038452,0.0,122.382727,110.805746,107.395928,-0.082739,-0.08723,,,,,,,,,
2020-03,-0.277986,-0.277986,-0.242452,-0.035534,0.0,88.362013,80.003273,81.357558,-0.337725,-0.308533,2020-03-31,15.0,1.765294,0.004413,1.24917,13.0,13.0,ABBOTINDIA;ATUL;BAJFINANCE;DABUR;DIVISLAB;HDFCBANK;IPCALAB;KOTAKBANK;LALPATHLAB;NESTLEIND;NH;PVRINOX;SUNDARMFIN,ADANIGREEN;BAJAJHLDNG;BALRAMCHIN;CCAVENUE;CDSL;COFORGE;CREDITACC;GRSE;HDFCAMC;KEI;MANAPPURAM;MIDHANI;TCS
2020-04,0.10554,0.103756,0.145232,-0.039692,0.001784,97.687732,88.304107,93.173255,-0.267828,-0.20811,,,,,,,,,
2020-05,-0.039919,-0.039919,-0.023774,-0.016145,0.0,93.788145,84.779104,90.958138,-0.297056,-0.226936,,,,,,,,,
2020-06,0.041048,0.041048,0.083402,-0.042353,0.0,97.637999,88.259152,98.544184,-0.268201,-0.162462,2020-06-30,15.0,2.0,0.005,1.213073,15.0,15.0,AARTIIND;ADANIGREEN;ALKYLAMINE;APLLTD;COROMANDEL;DIXON;EIDPARRY;ICICIGI;ITI;JUBLPHARMA;KSCL;LAURUSLABS;MUTHOOTFIN;NAVINFLUOR;SCI,ABBOTINDIA;ATUL;BAJFINANCE;DABUR;DEEPAKNTR;DIVISLAB;HDFCBANK;IPCALAB;KOTAKBANK;LALPATHLAB;NESTLEIND;NH;PVRINOX;RELAXO;SUNDARMFIN
2020-07,0.140317,0.117249,0.06619,0.074126,0.023067,111.33825,98.607492,105.06686,-0.165518,-0.107025,,,,,,,,,
2020-08,0.067458,0.067458,0.037219,0.03024,0.0,118.848942,105.259389,108.977323,-0.109225,-0.073789,,,,,,,,,
2020-09,0.075324,0.075324,-0.003233,0.078557,0.0,127.801151,113.187975,108.625,-0.042128,-0.076784,2020-09-30,15.0,1.558293,0.003896,1.26451,12.0,12.0,AMBER;APOLLOHOSP;ATUL;BLUEDART;DEEPAKNTR;INDIAMART;MCX;NAUKRI;TANLA;TATACOMM;TIINDIA;WELSPUNLIV,AARTIIND;ALKYLAMINE;APLLTD;DIXON;EIDPARRY;ICICIGI;ITI;JUBLPHARMA;KSCL;LAURUSLABS;MUTHOOTFIN;SCI
2020-10,0.027915,0.002731,0.02568,0.002234,0.025184,131.368695,113.497084,111.414539,-0.015389,-0.053075,,,,,,,,,
2020-11,0.179696,0.179696,0.118706,0.06099,0.0,154.975148,133.892077,124.640114,0.0,-0.001356,,,,,,,,,
2020-12,0.026802,0.026802,0.074564,-0.047761,0.0,159.128819,137.480676,133.933719,-0.0121,0.0,2020-12-31,15.0,1.336492,0.003341,0.956248,10.0,10.0,CGPOWER;ENDURANCE;HINDCOPPER;INDIACEM;IRCTC;KPITTECH;SCI;TATACHEM;WESTLIFE;WOCKPHARMA,AMBER;APOLLOHOSP;ATUL;BLUEDART;INDIAMART;MCX;NAUKRI;NAVINFLUOR;TIINDIA;WELSPUNLIV
2021-01,-0.022607,-0.043372,-0.018744,-0.003863,0.020764,155.531385,131.517926,131.42326,-0.042597,-0.064243,,,,,,,,,
2021-02,0.244978,0.244978,0.077771,0.167206,0.0,193.633078,163.736861,141.644191,0.0,-0.03683,,,,,,,,,
2021-03,0.003612,0.003612,0.010861,-0.007249,0.0,194.332456,164.328258,143.18256,-0.054765,-0.035339,2021-03-31,15.0,1.166387,0.002916,1.048028,8.0,8.0,CANFINHOME;FACT;HONAUT;IRCON;JSWENERGY;NFL;RPOWER;WELSPUNLIV,COROMANDEL;ENDURANCE;INDIACEM;IRCTC;SCI;TATACHEM;WESTLIFE;WOCKPHARMA
2021-04,0.048784,0.035039,0.004113,0.044671,0.013745,203.812792,170.086131,143.771507,-0.008653,-0.031371,,,,,,,,,
2021-05,0.12715,0.12715,0.069717,0.057433,0.0,229.727562,191.71256,153.794763,0.0,0.0,,,,,,,,,
2021-06,0.094144,0.094144,0.01869,0.075454,0.0,251.355065,209.761173,156.669184,-0.019956,-0.009866,2021-06-30,15.0,2.0,0.005,0.808407,15.0,15.0,CENTRALBK;GMRAIRPORT;GPIL;INTELLECT;IOB;JSL;KNRCON;LAURUSLABS;MARKSANS;NH;POONAWALLA;RELIGARE;SARDAEN;SHAKTIPUMP;SUMICHEM,ADANIGREEN;CANFINHOME;CGPOWER;DEEPAKNTR;FACT;HINDCOPPER;HONAUT;IRCON;JSWENERGY;KPITTECH;NFL;RPOWER;TANLA;TATACOMM;WELSPUNLIV
2021-07,0.07687,0.004948,0.014154,0.062716,0.071922,270.676704,210.798985,158.886628,0.0,-0.005683,,,,,,,,,
2021-08,-0.039121,-0.039121,0.065254,-0.104376,0.0,260.087451,202.552232,169.254656,-0.043199,0.0,,,,,,,,,
2021-09,0.01432,0.01432,0.034127,-0.019807,0.0,263.812018,205.45287,175.030818,-0.029498,-0.010049,2021-09-30,15.0,1.69476,0.004237,0.900688,12.0,12.0,CANFINHOME;DYNAMATECH;FINPIPE;GODREJPROP;GSFC;INDHOTEL;IRCTC;LEMONTREE;POWERINDIA;PRESTIGE;RKFORGE;ZEEL,CENTRALBK;GMRAIRPORT;GPIL;INTELLECT;IOB;KNRCON;LAURUSLABS;MARKSANS;NH;SARDAEN;SHAKTIPUMP;SUMICHEM
2021-10,0.00666,-0.002442,0.002275,0.004385,0.009102,265.569025,204.951142,175.429074,-0.083564,-0.050311,,,,,,,,,
2021-11,-0.058988,-0.058988,-0.029068,-0.029919,0.0,249.9037,192.861531,170.329647,-0.137622,-0.077917,,,,,,,,,
2021-12,0.027098,0.027098,0.023747,0.003351,0.0,256.675503,198.087625,174.374421,-0.114254,-0.056021,2021-12-31,15.0,1.814365,0.004536,0.924351,13.0,13.0,360ONE;ABCAPITAL;ABREL;AJANTPHARM;CHAMBLFERT;GMRAIRPORT;IFCI;LTFOODS;RTNINDIA;SCHAEFFLER;SKFINDIA;TATACOMM;TORNTPHARM,CANFINHOME;DYNAMATECH;FINPIPE;GODREJPROP;GSFC;INDHOTEL;IRCTC;LEMONTREE;POWERINDIA;PRESTIGE;RELIGARE;RKFORGE;ZEEL
2022-01,-0.012997,-0.017318,-0.004985,-0.008013,0.004321,253.339442,194.657056,173.505235,-0.125766,-0.060726,,,,,,,,,
2022-02,-0.092363,-0.092363,-0.041115,-0.051248,0.0,229.940161,176.677877,166.371514,-0.206513,-0.099344,,,,,,,,,
2022-03,0.061517,0.061517,0.040995,0.020522,0.0,244.085299,187.5465,173.19186,-0.157701,-0.062422,2022-03-31,15.0,1.826628,0.004567,1.119169,13.0,13.0,BDL;EIHOTEL;GAEL;GSFC;INTELLECT;LEMONTREE;LINDEINDIA;NATIONALUM;POWERINDIA;RCF;SARDAEN;SAREGAMA;VIPIND,360ONE;ABCAPITAL;ABREL;AJANTPHARM;CHAMBLFERT;GMRAIRPORT;IFCI;LTFOODS;POONAWALLA;SCHAEFFLER;SKFINDIA;TATACOMM;TORNTPHARM
2022-04,0.01369,0.00429,-0.007463,0.021152,0.0094,247.426737,188.351069,171.899414,-0.14617,-0.069419,,,,,,,,,
2022-05,-0.063127,-0.063127,-0.044898,-0.018229,0.0,231.807332,176.460957,164.181391,-0.20007,-0.111201,,,,,,,,,
2022-06,-0.113925,-0.113925,-0.051846,-0.062078,0.0,205.398796,156.357729,155.669184,-0.291202,-0.157282,2022-06-30,15.0,1.861425,0.004654,1.660388,14.0,14.0,ASAHIINDIA;BLS;CHENNPETRO;ELECON;GHCL;HAL;HBLENGINE;IIFL;MAHSEAMLES;MRPL;OIL;OLECTRA;TIMETECHNO;TIMKEN,EIHOTEL;GAEL;GSFC;INTELLECT;JSL;LEMONTREE;LINDEINDIA;NATIONALUM;POWERINDIA;RCF;RTNINDIA;SARDAEN;SAREGAMA;VIPIND
2022-07,0.08176,0.079887,0.095469,-0.013709,0.001873,222.192301,168.848687,170.530818,-0.23325,-0.076828,,,,,,,,,
2022-08,0.041785,0.041785,0.044962,-0.003177,0.0,231.47661,175.904032,178.198254,-0.201211,-0.03532,,,,,,,,,
2022-09,-0.017736,-0.017736,-0.032346,0.01461,0.0,227.371238,172.784272,172.434298,-0.215378,-0.066523,2022-09-30,15.0,1.522409,0.003806,1.258409,11.0,11.0,ACC;EIHOTEL;ELGIEQUIP;FORTIS;KARURVYSYA;LEMONTREE;PCJEWELLER;SCHAEFFLER;SCHNEIDER;TIINDIA;TRITURBINE,BLS;CHENNPETRO;ELECON;GHCL;HAL;IIFL;MRPL;OIL;OLECTRA;TIMETECHNO;TIMKEN
2022-10,0.045572,0.025433,0.0401,0.005473,0.020139,237.733055,177.178709,179.348837,-0.179621,-0.029091,,,,,,,,,
2022-11,-0.002225,-0.002225,0.033853,-0.036078,0.0,237.204217,176.784575,185.420353,-0.181446,0.0,,,,,,,,,
2022-12,-0.037362,-0.037362,-0.031186,-0.006175,0.0,228.341878,170.179613,179.637786,-0.212029,-0.034685,2022-12-30,15.0,1.736425,0.004341,1.499261,13.0,13.0,BANKBARODA;GICRE;GRAVITA;IOB;IRFC;KPIGREEN;MAHABANK;NFL;RCF;SWANCORP;UCOBANK;UNIONBANK;USHAMART,ACC;ASAHIINDIA;EIHOTEL;ELGIEQUIP;FORTIS;HBLENGINE;LEMONTREE;MAHSEAMLES;PCJEWELLER;SCHAEFFLER;SCHNEIDER;TIINDIA;TRITURBINE
2023-01,-0.015485,-0.019548,-0.033229,0.017744,0.004063,224.805982,166.852915,173.668605,-0.224231,-0.066762,,,,,,,,,
2023-02,-0.126622,-0.126622,-0.027903,-0.098719,0.0,196.340609,145.725672,168.822674,-0.32246,-0.092802,,,,,,,,,
2023-03,0.00865,0.00865,0.002693,0.005957,0.0,198.038885,146.986147,169.277321,-0.3166,-0.090359,2023-03-31,15.0,1.885467,0.004714,1.286392,14.0,14.0,AEGISLOG;ANURAS;CIEINDIA;ELECON;EQUITASBNK;KALYANKJIL;MGL;NCC;OLECTRA;RKFORGE;TDPOWERSYS;TITAGARH;TRITURBINE;VBL,BANKBARODA;GICRE;GRAVITA;IOB;IRFC;KARURVYSYA;KPIGREEN;MAHABANK;NFL;RCF;SWANCORP;UCOBANK;UNIONBANK;USHAMART
2023-04,0.098203,0.090895,0.045453,0.05275,0.007308,217.486946,160.346455,176.971509,-0.249487,-0.049013,,,,,,,,,
2023-05,0.099405,0.099405,0.035931,0.063474,0.0,239.106185,176.285657,183.330237,-0.174883,-0.014843,,,,,,,,,
2023-06,0.090457,0.090457,0.042089,0.048368,0.0,260.735132,192.232016,191.046512,-0.100245,0.0,2023-06-30,15.0,1.763944,0.00441,1.255821,13.0,13.0,ABCAPITAL;ANANTRAJ;CMSINFO;DATAPATTNS;GRSE;IDFCFIRSTB;INOXWIND;KARURVYSYA;KPIGREEN;KTKBANK;SAFARI;SUZLON;TIMKEN,AEGISLOG;ANURAS;BDL;CIEINDIA;ELECON;EQUITASBNK;MGL;NCC;OLECTRA;RKFORGE;TDPOWERSYS;TRITURBINE;VBL
2023-07,0.098414,0.057027,0.038284,0.06013,0.041387,286.395011,203.194352,198.360465,-0.011697,0.0,,,,,,,,,
2023-08,0.096886,0.096886,-0.007896,0.104782,0.0,314.142573,222.880965,196.794195,0.0,-0.007896,,,,,,,,,
2023-09,-0.007771,-0.007771,0.021762,-0.029532,0.0,311.701502,221.14905,201.07674,-0.029659,-0.021126,2023-09-29,15.0,1.550585,0.003876,1.182793,11.0,11.0,BLUESTARCO;CCAVENUE;GMDCLTD;IFCI;IRB;ITI;J&KBANK;KNRCON;MAHABANK;SOUTHBANK;UNIONBANK,ABCAPITAL;ANANTRAJ;CMSINFO;DATAPATTNS;IDFCFIRSTB;INOXWIND;KALYANKJIL;KARURVYSYA;KPIGREEN;KTKBANK;TIMKEN
2023-10,0.011056,-0.008243,-0.028423,0.039479,0.019299,315.147707,219.326041,195.361623,-0.062732,-0.048948,,,,,,,,,
2023-11,0.109236,0.109236,0.070641,0.038595,0.0,349.573286,243.284412,209.1622,-0.003994,0.0,,,,,,,,,
2023-12,0.020726,0.020726,0.08012,-0.059394,0.0,356.818658,248.326806,225.920353,-0.025597,0.0,2023-12-29,15.0,1.910023,0.004775,0.978629,14.0,14.0,3MINDIA;ANANTRAJ;BDL;CASTROLIND;CHENNPETRO;GMRAIRPORT;INOXWIND;IRFC;LICI;OIL;SWANCORP;TATAPOWER;THERMAX;ZENTEC,BLUESTARCO;CCAVENUE;GMDCLTD;GRSE;IFCI;IRB;ITI;J&KBANK;KNRCON;MAHABANK;SAFARI;SOUTHBANK;TITAGARH;UNIONBANK
2024-01,0.1149,0.076594,0.019195,0.095705,0.038306,397.817268,267.34713,230.256972,0.0,-0.004197,,,,,,,,,
2024-02,0.06033,0.06033,0.014541,0.045789,0.0,421.817743,283.476289,233.605242,-0.023622,-0.011,,,,,,,,,
2024-03,-0.017593,-0.017593,0.008218,-0.025811,0.0,414.396696,278.489086,235.525005,-0.040799,-0.008791,2024-03-28,15.0,1.641781,0.004104,1.003462,11.0,11.0,DBREALTY;ETERNAL;ICICIGI;INDIGO;KIRLOSBROS;MAXHEALTH;MOTHERSON;NEULANDLAB;SAPPHIRE;TORNTPOWER;VOLTAMP,3MINDIA;ANANTRAJ;BDL;CASTROLIND;CHENNPETRO;GMRAIRPORT;LICI;OIL;SWANCORP;TATAPOWER;THERMAX
2024-04,0.081003,0.057563,0.036635,0.044368,0.02344,447.964129,294.519771,244.153479,0.0,0.0,,,,,,,,,
2024-05,0.009275,0.009275,0.005053,0.004221,0.0,452.118807,297.251317,245.387218,-0.011304,-0.018131,,,,,,,,,
2024-06,0.107775,0.107775,0.069013,0.038762,0.0,500.845899,329.287569,262.322084,-0.005069,0.0,2024-06-28,15.0,1.916398,0.004791,1.091391,14.0,14.0,ADANIPOWER;BDL;BEML;CEMPRO;CRAFTSMAN;GRSE;INDIACEM;INDUSTOWER;JWL;KNRCON;TEXRAIL;TITAGARH;WELCORP;ZFCVINDIA,DBREALTY;ETERNAL;ICICIGI;INDIGO;INOXWIND;KIRLOSBROS;MAXHEALTH;MOTHERSON;NEULANDLAB;SAPPHIRE;SUZLON;TORNTPOWER;VOLTAMP;ZENTEC
2024-07,0.051909,0.015588,0.043046,0.008863,0.036321,526.844451,334.420642,273.613963,-0.0119,0.0,,,,,,,,,
2024-08,-0.048268,-0.048268,0.008659,-0.056927,0.0,501.414588,318.278741,275.983149,-0.059594,0.0,,,,,,,,,
2024-09,-0.027155,-0.027155,0.021515,-0.04867,0.0,487.798678,309.635884,281.920921,-0.085131,-0.010275,2024-09-30,15.0,2.0,0.005,1.059143,15.0,15.0,BSE;HINDPETRO;INOXWIND;JAIBALAJI;MAHSCOOTER;NETWEB;NEULANDLAB;PCJEWELLER;POWERINDIA;PRSMJOHNSN;SBFC;SCHNEIDER;STAR;TRENT;WOCKPHARMA,ADANIPOWER;BDL;BEML;CEMPRO;CRAFTSMAN;GRSE;INDIACEM;INDUSTOWER;IRFC;JWL;KNRCON;TEXRAIL;TITAGARH;WELCORP;ZFCVINDIA
2024-10,-0.00889,-0.022633,-0.064171,0.055282,0.013744,483.462314,302.627801,263.829647,-0.093264,-0.073787,,,,,,,,,
2024-11,-0.003118,-0.003118,-0.000104,-0.003015,0.0,481.954644,301.68406,263.802326,-0.096092,-0.073883,,,,,,,,,
2024-12,-0.052463,-0.052463,-0.013735,-0.038728,0.0,456.669788,285.856766,260.179074,-0.143513,-0.086603,2024-12-31,15.0,1.553777,0.003884,1.400633,11.0,11.0,CEATLTD;CHALET;DOMS;HBLENGINE;INTELLECT;ITI;JWL;MOTILALOFS;PTCIL;WABAG;ZENTEC,BSE;HINDPETRO;INOXWIND;JAIBALAJI;MAHSCOOTER;POWERINDIA;PRSMJOHNSN;SBFC;SCHNEIDER;STAR;TRENT
2025-01,-0.140275,-0.14302,-0.035508,-0.104768,0.002745,392.610208,244.973389,250.940702,-0.263658,-0.119035,,,,,,,,,
2025-02,-0.180807,-0.180807,-0.078773,-0.102034,0.0,321.623346,200.680368,231.17326,-0.396794,-0.188432,,,,,,,,,
2025-03,0.162193,0.162193,0.073369,0.088824,0.0,373.788417,233.229329,248.134311,-0.298958,-0.128888,2025-03-28,15.0,1.902721,0.004757,1.041748,14.0,14.0,BAJAJFINSV;CGCL;GRSE;INOXINDIA;JBCHEPHARM;JYOTICNC;KEI;KSB;MANAPPURAM;NH;PATANJALI;POLYCAB;POWERINDIA;WELCORP,CEATLTD;CHALET;DOMS;HBLENGINE;INTELLECT;ITI;JWL;MOTILALOFS;NETWEB;NEULANDLAB;PCJEWELLER;PTCIL;WABAG;ZENTEC
2025-04,0.006923,0.00346,0.032358,-0.025434,0.003464,376.376331,234.036213,256.163381,-0.294104,-0.1007,,,,,,,,,
2025-05,0.107738,0.107738,0.035038,0.0727,0.0,416.926423,259.250843,265.138944,-0.218052,-0.06919,,,,,,,,,
2025-06,0.045231,0.045231,0.035754,0.009478,0.0,435.784514,270.977075,274.618596,-0.182684,-0.035911,2025-06-30,15.0,1.783039,0.004458,1.494964,13.0,13.0,APTUS;ASAHIINDIA;ASKAUTOLTD;DEEPAKFERT;ENDURANCE;FORCEMOT;GALLANTT;INDGN;JMFINANCIL;JUBLINGREA;JUBLPHARMA;MCX;PAYTM,BAJAJFINSV;CGCL;GRSE;INOXINDIA;JBCHEPHARM;JYOTICNC;KEI;KSB;MANAPPURAM;NH;PATANJALI;POLYCAB;POWERINDIA
2025-07,0.016836,-0.008022,-0.029735,0.04657,0.024858,443.121242,268.803261,266.452898,-0.168924,-0.064578,,,,,,,,,
2025-08,-0.031563,-0.031563,-0.019725,-0.011838,0.0,429.134818,260.318909,261.197084,-0.195155,-0.083029,,,,,,,,,
2025-09,0.002956,0.002956,0.012071,-0.009115,0.0,430.403245,261.088354,264.349995,-0.192776,-0.07196,2025-09-30,15.0,1.8973,0.004743,1.416174,14.0,14.0,AMBER;CARTRADE;EICHERMOT;LAURUSLABS;LEMONTREE;MAHSCOOTER;MINDACORP;NETWEB;NLCINDIA;PARADEEP;PFOCUS;POONAWALLA;REDINGTON;SYRMA,APTUS;ASAHIINDIA;ASKAUTOLTD;DEEPAKFERT;ENDURANCE;GALLANTT;INDGN;JMFINANCIL;JUBLINGREA;JUBLPHARMA;MCX;PAYTM;WELCORP;WOCKPHARMA
2025-10,-0.00194,-0.010955,0.042944,-0.044884,0.009015,429.568403,258.228209,275.70233,-0.194342,-0.032106,,,,,,,,,
2025-11,-0.013311,-0.013311,0.009397,-0.022707,0.0,423.850542,254.791007,278.293014,-0.205066,-0.023011,,,,,,,,,
2025-12,0.018845,0.018845,-0.002576,0.021421,0.0,431.837878,259.592467,277.576172,-0.190086,-0.025528,2025-12-31,15.0,1.739637,0.004349,1.241938,12.0,12.0,BAJAJHFL;CHOLAFIN;CUB;GMRAIRPORT;JSWDULUX;MAHABANK;MCX;NYKAA;PRIVISCL;SANDUMA;VEDL;ZFCVINDIA,AMBER;EICHERMOT;LAURUSLABS;LEMONTREE;MAHSCOOTER;MINDACORP;NETWEB;NLCINDIA;PARADEEP;POONAWALLA;REDINGTON;SYRMA
2026-01,-0.021787,-0.02756,-0.03318,0.011392,0.005773,422.429258,252.437977,268.366279,-0.207732,-0.05786,,,,,,,,,
2026-02,0.035425,0.035425,0.003785,0.03164,0.0,437.393874,261.380629,269.381972,-0.179666,-0.054295,,,,,,,,,
2026-03,-0.107244,-0.107244,-0.113904,0.00666,0.0,390.486051,233.349152,238.698265,-0.267641,-0.162014,2026-03-30,15.0,1.702673,0.004257,1.386433,12.0,12.0,DATAPATTNS;DOMS;EMCURE;J&KBANK;KSB;LTFOODS;NATIONALUM;NETWEB;POWERINDIA;STLTECH;VMM;ZYDUSWELL,BAJAJHFL;CARTRADE;CHOLAFIN;CUB;GMRAIRPORT;JSWDULUX;MAHABANK;NYKAA;PRIVISCL;SANDUMA;VEDL;ZFCVINDIA
2026-04,0.17767,0.175881,0.105003,0.072668,0.001789,459.863786,274.390837,263.762218,-0.137523,-0.074024,,,,,,,,,
2026-05,0.033976,0.033976,-0.00117,0.035147,0.0,475.488314,283.713657,263.453488,-0.108219,-0.075107,,,,,,,,,
2026-06,0.031826,0.031826,0.014947,0.016879,0.0,490.621112,292.743072,267.391284,-0.079838,-0.061283,2026-06-30,15.0,1.917957,0.004795,1.5089,14.0,14.0,ACUTAAS;AEGISLOG;ATHERENERG;GICRE;GLAND;GODIGIT;HSCL;LAURUSLABS;LLOYDSENGG;RRKABEL;SCHNEIDER;THANGAMAYL;VIJAYA;VIYASH,DATAPATTNS;DOMS;EMCURE;FORCEMOT;J&KBANK;KSB;LTFOODS;MCX;NATIONALUM;PFOCUS;POWERINDIA;STLTECH;VMM;ZYDUSWELL
2026-07,-0.001583,-0.037061,-0.003809,0.002226,0.035478,489.844323,281.893715,266.372684,-0.081294,-0.064859,2026-07-13,15.0,0.925161,0.002313,1.391489,7.0,7.0,AETHER;APOLLO;AZAD;CGCL;DOMS;SYRMA;WABAG,AEGISLOG;GODIGIT;NETWEB;RRKABEL;SCHNEIDER;VIJAYA;VIYASH
