basket,as_of,symbol,weight,score
relative_value,2024-03-28,AXISBANK,0.06666666666666667,-0.45373670322710274
relative_value,2024-03-28,BAJAJFINSV,0.06666666666666667,-0.8954685044148459
relative_value,2024-03-28,BRITANNIA,0.06666666666666667,-0.38581576450719973
relative_value,2024-03-28,DRREDDY,0.06666666666666667,-1.1771534948952052
relative_value,2024-03-28,HCLTECH,0.06666666666666667,-1.1562497380171524
relative_value,2024-03-28,HDFCLIFE,0.06666666666666667,-0.1823845329013162
relative_value,2024-03-28,HINDALCO,0.06666666666666667,-1.2575593414287287
relative_value,2024-03-28,INDUSINDBK,0.06666666666666667,-1.118784730805817
relative_value,2024-03-28,INFY,0.06666666666666667,-0.28272812978205847
relative_value,2024-03-28,JSWSTEEL,0.06666666666666667,-0.961457395317164
relative_value,2024-03-28,TATACONSUM,0.06666666666666667,-1.084898190907915
relative_value,2024-03-28,TCS,0.06666666666666667,-1.0254087648027637
relative_value,2024-03-28,TECHM,0.06666666666666667,-0.42861872120166516
relative_value,2024-03-28,ULTRACEMCO,0.06666666666666667,-1.0862264861975102
relative_value,2024-03-28,WIPRO,0.06666666666666667,-1.093826423061057
relative_value,2024-04-30,ADANIENT,0.06666666666666667,-1.017849584713072
relative_value,2024-04-30,APOLLOHOSP,0.06666666666666667,-0.7818307950826914
relative_value,2024-04-30,BAJAJFINSV,0.06666666666666667,-0.4312516879698811
relative_value,2024-04-30,CIPLA,0.06666666666666667,-1.0461559778261502
relative_value,2024-04-30,DRREDDY,0.06666666666666667,-1.1701545509982356
relative_value,2024-04-30,INDUSINDBK,0.06666666666666667,-0.6761278632734599
relative_value,2024-04-30,LT,0.06666666666666667,-1.1550062168909525
relative_value,2024-04-30,SBILIFE,0.06666666666666667,-0.7231786776777337
relative_value,2024-04-30,SUNPHARMA,0.06666666666666667,-1.2854534392623225
relative_value,2024-04-30,TATACONSUM,0.06666666666666667,-1.038267721966522
relative_value,2024-04-30,TCS,0.06666666666666667,-0.728438208112467
relative_value,2024-04-30,TECHM,0.06666666666666667,-0.6221117396998267
relative_value,2024-04-30,TITAN,0.06666666666666667,-0.8068941792903203
relative_value,2024-04-30,ULTRACEMCO,0.06666666666666667,-1.263018404539769
relative_value,2024-04-30,WIPRO,0.06666666666666667,-0.6356795633301037
relative_value,2024-05-31,ADANIENT,0.06666666666666667,0.24077017073336315
relative_value,2024-05-31,APOLLOHOSP,0.06666666666666667,0.27757066804884134
relative_value,2024-05-31,AXISBANK,0.06666666666666667,3.9516278707845154
relative_value,2024-05-31,BPCL,0.06666666666666667,2.85352406092811
relative_value,2024-05-31,CIPLA,0.06666666666666667,1.452168618960283
relative_value,2024-05-31,EICHERMOT,0.06666666666666667,0.7577697099526499
relative_value,2024-05-31,HDFCBANK,0.06666666666666667,2.1341044044515938
relative_value,2024-05-31,ICICIBANK,0.06666666666666667,1.9318037486661588
relative_value,2024-05-31,JSWSTEEL,0.06666666666666667,4.041980028199817
relative_value,2024-05-31,LT,0.06666666666666667,0.22108124157514533
relative_value,2024-05-31,MARUTI,0.06666666666666667,2.433205704928693
relative_value,2024-05-31,ONGC,0.06666666666666667,0.2593322681851775
relative_value,2024-05-31,SHRIRAMFIN,0.06666666666666667,0.2804985988618982
relative_value,2024-05-31,TRENT,0.06666666666666667,1.314877469112945
relative_value,2024-05-31,ULTRACEMCO,0.06666666666666667,1.9485733199338409
relative_value,2024-06-28,ADANIENT,0.06666666666666667,0.7082639339192573
relative_value,2024-06-28,AXISBANK,0.06666666666666667,2.4778048682825435
relative_value,2024-06-28,BPCL,0.06666666666666667,2.2109365215940557
relative_value,2024-06-28,CIPLA,0.06666666666666667,1.2206813929943228
relative_value,2024-06-28,DRREDDY,0.06666666666666667,0.6762394793948963
relative_value,2024-06-28,EICHERMOT,0.06666666666666667,0.8531708691225658
relative_value,2024-06-28,HDFCBANK,0.06666666666666667,1.5100653729257127
relative_value,2024-06-28,HINDUNILVR,0.06666666666666667,0.41447394008971666
relative_value,2024-06-28,ICICIBANK,0.06666666666666667,0.8434817032073195
relative_value,2024-06-28,JSWSTEEL,0.06666666666666667,2.5562358261389297
relative_value,2024-06-28,KOTAKBANK,0.06666666666666667,1.9571654719364895
relative_value,2024-06-28,LT,0.06666666666666667,0.41595339431227324
relative_value,2024-06-28,MARUTI,0.06666666666666667,2.156404059731187
relative_value,2024-06-28,TRENT,0.06666666666666667,0.944060673078041
relative_value,2024-06-28,ULTRACEMCO,0.06666666666666667,0.42026082713895146
relative_value,2024-07-31,ADANIENT,0.06666666666666667,0.6649469055941197
relative_value,2024-07-31,ASIANPAINT,0.06666666666666667,1.6160754991866113
relative_value,2024-07-31,AXISBANK,0.06666666666666667,2.1667375883697146
relative_value,2024-07-31,BAJAJFINSV,0.06666666666666667,1.5471745951540015
relative_value,2024-07-31,BPCL,0.06666666666666667,1.7865326855688886
relative_value,2024-07-31,CIPLA,0.06666666666666667,0.8773483590717629
relative_value,2024-07-31,DRREDDY,0.06666666666666667,0.13537980532584676
relative_value,2024-07-31,EICHERMOT,0.06666666666666667,0.2058166908339172
relative_value,2024-07-31,HDFCBANK,0.06666666666666667,1.603994711916249
relative_value,2024-07-31,ICICIBANK,0.06666666666666667,0.6498146987145268
relative_value,2024-07-31,JSWSTEEL,0.06666666666666667,2.0173842037772816
relative_value,2024-07-31,KOTAKBANK,0.06666666666666667,1.6446255572941515
relative_value,2024-07-31,MARUTI,0.06666666666666667,1.390767719609284
relative_value,2024-07-31,TRENT,0.06666666666666667,0.7697349047206877
relative_value,2024-07-31,ULTRACEMCO,0.06666666666666667,0.21876343668492257
relative_value,2024-08-30,ASIANPAINT,0.06666666666666667,1.3717293271461966
relative_value,2024-08-30,AXISBANK,0.06666666666666667,1.8114843873170747
relative_value,2024-08-30,BAJAJFINSV,0.06666666666666667,0.6731238009750977
relative_value,2024-08-30,BAJFINANCE,0.06666666666666667,1.3314833074576855
relative_value,2024-08-30,BPCL,0.06666666666666667,1.562433837842634
relative_value,2024-08-30,CIPLA,0.06666666666666667,0.3891119389162004
relative_value,2024-08-30,EICHERMOT,0.06666666666666667,0.18060961492126043
relative_value,2024-08-30,HDFCBANK,0.06666666666666667,1.4475867044653408
relative_value,2024-08-30,ICICIBANK,0.06666666666666667,0.4273223476501027
relative_value,2024-08-30,JSWSTEEL,0.06666666666666667,1.6863764917454072
relative_value,2024-08-30,KOTAKBANK,0.06666666666666667,1.5775926899317358
relative_value,2024-08-30,LT,0.06666666666666667,0.10978817441632173
relative_value,2024-08-30,MARUTI,0.06666666666666667,1.4969766114617287
relative_value,2024-08-30,TRENT,0.06666666666666667,0.3285116955030225
relative_value,2024-08-30,ULTRACEMCO,0.06666666666666667,0.6760590023386354
relative_value,2024-09-30,ADANIENT,0.06666666666666667,0.6372446970542403
relative_value,2024-09-30,ADANIPORTS,0.06666666666666667,0.11145629671818455
relative_value,2024-09-30,ASIANPAINT,0.06666666666666667,0.9365248052537318
relative_value,2024-09-30,AXISBANK,0.06666666666666667,1.5208131912063376
relative_value,2024-09-30,BAJFINANCE,0.06666666666666667,0.7667492468052574
relative_value,2024-09-30,BPCL,0.06666666666666667,1.3995991607543548
relative_value,2024-09-30,CIPLA,0.06666666666666667,0.3754395518701391
relative_value,2024-09-30,DRREDDY,0.06666666666666667,0.13549866090654847
relative_value,2024-09-30,HDFCBANK,0.06666666666666667,1.110167523171884
relative_value,2024-09-30,JSWSTEEL,0.06666666666666667,1.26994457734545
relative_value,2024-09-30,KOTAKBANK,0.06666666666666667,1.108784978311892
relative_value,2024-09-30,LT,0.06666666666666667,0.15982084213820674
relative_value,2024-09-30,MARUTI,0.06666666666666667,1.0392577985275417
relative_value,2024-09-30,TRENT,0.06666666666666667,0.18577524915279484
relative_value,2024-09-30,ULTRACEMCO,0.06666666666666667,0.23480605442167043
relative_value,2024-10-31,AXISBANK,0.06666666666666667,1.4789750982245036
relative_value,2024-10-31,BAJAJ-AUTO,0.06666666666666667,-0.547649841473603
relative_value,2024-10-31,BAJAJFINSV,0.06666666666666667,0.8416500215008971
relative_value,2024-10-31,CIPLA,0.06666666666666667,0.7679656122011731
relative_value,2024-10-31,DRREDDY,0.06666666666666667,0.7614676829579607
relative_value,2024-10-31,EICHERMOT,0.06666666666666667,0.27764769872422523
relative_value,2024-10-31,HDFCBANK,0.06666666666666667,1.047812300822607
relative_value,2024-10-31,HDFCLIFE,0.06666666666666667,-0.3531040418615277
relative_value,2024-10-31,ICICIBANK,0.06666666666666667,-0.3114878493643253
relative_value,2024-10-31,JSWSTEEL,0.06666666666666667,1.338522264718585
relative_value,2024-10-31,LT,0.06666666666666667,0.23823574566156547
relative_value,2024-10-31,SBILIFE,0.06666666666666667,-0.46306066044514044
relative_value,2024-10-31,SBIN,0.06666666666666667,-0.39796882462878574
relative_value,2024-10-31,TRENT,0.06666666666666667,0.3317237778532638
relative_value,2024-10-31,ULTRACEMCO,0.06666666666666667,0.8444221846335692
relative_value,2024-11-29,APOLLOHOSP,0.06666666666666667,-0.9049313012116801
relative_value,2024-11-29,CIPLA,0.06666666666666667,0.8047474544831558
relative_value,2024-11-29,EICHERMOT,0.06666666666666667,0.4163383949487268
relative_value,2024-11-29,HDFCBANK,0.06666666666666667,0.8435539168103267
relative_value,2024-11-29,HDFCLIFE,0.06666666666666667,0.7863718297449254
relative_value,2024-11-29,HINDALCO,0.06666666666666667,-0.8529322578146041
relative_value,2024-11-29,ICICIBANK,0.06666666666666667,-0.408722296471509
relative_value,2024-11-29,ITC,0.06666666666666667,-0.15844312992112025
relative_value,2024-11-29,JSWSTEEL,0.06666666666666667,1.2446475146682403
relative_value,2024-11-29,LT,0.06666666666666667,0.021819310082064385
relative_value,2024-11-29,SBIN,0.06666666666666667,-0.6030946320172256
relative_value,2024-11-29,SHRIRAMFIN,0.06666666666666667,-0.8018896696365948
relative_value,2024-11-29,TCS,0.06666666666666667,-0.826811540532952
relative_value,2024-11-29,TRENT,0.06666666666666667,0.42760884558025175
relative_value,2024-11-29,ULTRACEMCO,0.06666666666666667,0.6845608770314394
relative_value,2024-12-31,BEL,0.06666666666666667,-0.8337497869408259
relative_value,2024-12-31,BHARTIARTL,0.06666666666666667,-1.308825976016402
relative_value,2024-12-31,CIPLA,0.06666666666666667,0.7722552506477532
relative_value,2024-12-31,DRREDDY,0.06666666666666667,-0.2946466366900617
relative_value,2024-12-31,EICHERMOT,0.06666666666666667,0.4244206504601058
relative_value,2024-12-31,HDFCBANK,0.06666666666666667,0.8922758028888601
relative_value,2024-12-31,ICICIBANK,0.06666666666666667,-0.1534259020230677
relative_value,2024-12-31,INFY,0.06666666666666667,-1.282957826813163
relative_value,2024-12-31,ITC,0.06666666666666667,-0.45711926974136274
relative_value,2024-12-31,KOTAKBANK,0.06666666666666667,1.138051722761574
relative_value,2024-12-31,M&M,0.06666666666666667,-1.4197228706645721
relative_value,2024-12-31,SHRIRAMFIN,0.06666666666666667,-0.4735438259770476
relative_value,2024-12-31,SUNPHARMA,0.06666666666666667,-1.3731990055422316
relative_value,2024-12-31,TRENT,0.06666666666666667,0.30315760072483117
relative_value,2024-12-31,ULTRACEMCO,0.06666666666666667,0.4832857505627984
relative_value,2025-01-31,APOLLOHOSP,0.06666666666666667,-0.7157269842734619
relative_value,2025-01-31,BAJAJFINSV,0.06666666666666667,0.6958747331953965
relative_value,2025-01-31,BAJFINANCE,0.06666666666666667,0.28352925382355365
relative_value,2025-01-31,BEL,0.06666666666666667,-0.8095845835530001
relative_value,2025-01-31,EICHERMOT,0.06666666666666667,-0.4804433520166445
relative_value,2025-01-31,HCLTECH,0.06666666666666667,-0.7743801113569305
relative_value,2025-01-31,HDFCBANK,0.06666666666666667,1.0615021032110252
relative_value,2025-01-31,ICICIBANK,0.06666666666666667,0.19567772942941247
relative_value,2025-01-31,INFY,0.06666666666666667,-1.1828806578021895
relative_value,2025-01-31,JSWSTEEL,0.06666666666666667,1.1318181400017038
relative_value,2025-01-31,KOTAKBANK,0.06666666666666667,0.558756239983547
relative_value,2025-01-31,MARUTI,0.06666666666666667,0.9473948321471979
relative_value,2025-01-31,SUNPHARMA,0.06666666666666667,-0.7595633851891187
relative_value,2025-01-31,TITAN,0.06666666666666667,0.07832986365340146
relative_value,2025-01-31,ULTRACEMCO,0.06666666666666667,0.3908077132076121
relative_value,2025-02-28,BAJAJFINSV,0.125,-0.015850930604788982
relative_value,2025-02-28,BAJFINANCE,0.125,-0.31136753488105656
relative_value,2025-02-28,BHARTIARTL,0.125,-1.0710184255141244
relative_value,2025-02-28,HDFCBANK,0.125,0.9340035100891214
relative_value,2025-02-28,JSWSTEEL,0.125,1.0650925359120254
relative_value,2025-02-28,KOTAKBANK,0.125,0.5448354241248304
relative_value,2025-02-28,SHRIRAMFIN,0.125,-0.9270465151371835
relative_value,2025-02-28,WIPRO,0.125,-0.9649379540821593
relative_value,2025-03-28,BAJAJFINSV,0.06666666666666667,-0.7419012433058867
relative_value,2025-03-28,BAJFINANCE,0.06666666666666667,-0.6977698513946451
relative_value,2025-03-28,BEL,0.06666666666666667,-0.9524792373997057
relative_value,2025-03-28,BHARTIARTL,0.06666666666666667,-1.4594216208331032
relative_value,2025-03-28,EICHERMOT,0.06666666666666667,-0.8671557448168818
relative_value,2025-03-28,GRASIM,0.06666666666666667,-1.0750670266332998
relative_value,2025-03-28,HDFCBANK,0.06666666666666667,0.6349486576805895
relative_value,2025-03-28,HDFCLIFE,0.06666666666666667,0.03372871911499722
relative_value,2025-03-28,HINDALCO,0.06666666666666667,-1.0563744508190656
relative_value,2025-03-28,ICICIBANK,0.06666666666666667,-1.0676423816626466
relative_value,2025-03-28,JSWSTEEL,0.06666666666666667,0.742010978450184
relative_value,2025-03-28,KOTAKBANK,0.06666666666666667,-0.7328854923233795
relative_value,2025-03-28,SHRIRAMFIN,0.06666666666666667,-1.3051746774754962
relative_value,2025-03-28,TATASTEEL,0.06666666666666667,-2.0153065728537856
relative_value,2025-03-28,ULTRACEMCO,0.06666666666666667,0.30487646427564163
relative_value,2025-04-30,APOLLOHOSP,0.06666666666666667,-0.9574146965791762
relative_value,2025-04-30,AXISBANK,0.06666666666666667,0.9317131492382869
relative_value,2025-04-30,BAJAJFINSV,0.06666666666666667,-0.42105597879667517
relative_value,2025-04-30,BAJFINANCE,0.06666666666666667,-0.3743943246421835
relative_value,2025-04-30,BPCL,0.06666666666666667,0.9456411955380352
relative_value,2025-04-30,BRITANNIA,0.06666666666666667,-0.9443005057022122
relative_value,2025-04-30,CIPLA,0.06666666666666667,0.5137279497349345
relative_value,2025-04-30,HDFCBANK,0.06666666666666667,0.3441314932270154
relative_value,2025-04-30,JSWSTEEL,0.06666666666666667,0.7994649903585218
relative_value,2025-04-30,KOTAKBANK,0.06666666666666667,-0.8910166761571184
relative_value,2025-04-30,MARUTI,0.06666666666666667,0.841590824837298
relative_value,2025-04-30,NESTLEIND,0.06666666666666667,-0.580103282310043
relative_value,2025-04-30,RELIANCE,0.06666666666666667,-0.4334956590120493
relative_value,2025-04-30,TITAN,0.06666666666666667,0.32841988500755137
relative_value,2025-04-30,ULTRACEMCO,0.06666666666666667,0.18095372437537932
relative_value,2025-05-30,ADANIPORTS,0.06666666666666667,1.1712562328366267
relative_value,2025-05-30,APOLLOHOSP,0.06666666666666667,2.8865768630691835
relative_value,2025-05-30,AXISBANK,0.06666666666666667,0.9839108794518022
relative_value,2025-05-30,BAJFINANCE,0.06666666666666667,0.2761071005486175
relative_value,2025-05-30,BHARTIARTL,0.06666666666666667,2.085539365595289
relative_value,2025-05-30,BPCL,0.06666666666666667,0.671687707348526
relative_value,2025-05-30,EICHERMOT,0.06666666666666667,1.3018761722460104
relative_value,2025-05-30,HDFCBANK,0.06666666666666667,0.7043214553575379
relative_value,2025-05-30,KOTAKBANK,0.06666666666666667,1.4930773300895617
relative_value,2025-05-30,LT,0.06666666666666667,1.007580337841064
relative_value,2025-05-30,MARUTI,0.06666666666666667,1.08549928490354
relative_value,2025-05-30,NESTLEIND,0.06666666666666667,2.222006889288253
relative_value,2025-05-30,SBILIFE,0.06666666666666667,0.8655205042398704
relative_value,2025-05-30,SBIN,0.06666666666666667,1.0371139569694399
relative_value,2025-05-30,SHRIRAMFIN,0.06666666666666667,0.6101703280290511
relative_value,2025-06-30,ADANIENT,0.06666666666666667,2.422391031036324
relative_value,2025-06-30,ADANIPORTS,0.06666666666666667,1.0714961929929234
relative_value,2025-06-30,APOLLOHOSP,0.06666666666666667,2.1921211547037243
relative_value,2025-06-30,AXISBANK,0.06666666666666667,0.938227222147314
relative_value,2025-06-30,BHARTIARTL,0.06666666666666667,1.8077071738763404
relative_value,2025-06-30,BPCL,0.06666666666666667,0.6316914036849074
relative_value,2025-06-30,CIPLA,0.06666666666666667,1.7980093271906805
relative_value,2025-06-30,EICHERMOT,0.06666666666666667,0.5709239514548753
relative_value,2025-06-30,HINDALCO,0.06666666666666667,1.3327148226183836
relative_value,2025-06-30,KOTAKBANK,0.06666666666666667,1.0796864121995584
relative_value,2025-06-30,LT,0.06666666666666667,0.972530229468162
relative_value,2025-06-30,MARUTI,0.06666666666666667,1.01828897604211
relative_value,2025-06-30,NESTLEIND,0.06666666666666667,1.838036869455696
relative_value,2025-06-30,SBILIFE,0.06666666666666667,0.6796374380172908
relative_value,2025-06-30,SBIN,0.06666666666666667,0.896917440262976
relative_value,2025-07-31,ADANIPORTS,0.06666666666666667,1.2084918187623062
relative_value,2025-07-31,APOLLOHOSP,0.06666666666666667,1.792461604982872
relative_value,2025-07-31,BAJFINANCE,0.06666666666666667,0.597173517650113
relative_value,2025-07-31,BHARTIARTL,0.06666666666666667,1.7038937165913066
relative_value,2025-07-31,BPCL,0.06666666666666667,0.6181793160031777
relative_value,2025-07-31,CIPLA,0.06666666666666667,1.5072514511122093
relative_value,2025-07-31,EICHERMOT,0.06666666666666667,0.9467267956261552
relative_value,2025-07-31,HEROMOTOCO,0.06666666666666667,1.1668849784065154
relative_value,2025-07-31,HINDALCO,0.06666666666666667,1.3140572912123798
relative_value,2025-07-31,KOTAKBANK,0.06666666666666667,1.7379809282640961
relative_value,2025-07-31,LT,0.06666666666666667,0.9747656248685665
relative_value,2025-07-31,MARUTI,0.06666666666666667,0.9112918440430923
relative_value,2025-07-31,SBILIFE,0.06666666666666667,0.6390590203477683
relative_value,2025-07-31,SBIN,0.06666666666666667,1.1218393594484715
relative_value,2025-07-31,SHRIRAMFIN,0.06666666666666667,0.6773052666865663
relative_value,2025-08-29,ADANIPORTS,0.06666666666666667,1.3001775290896471
relative_value,2025-08-29,APOLLOHOSP,0.06666666666666667,1.599914881884442
relative_value,2025-08-29,BAJAJFINSV,0.06666666666666667,0.6558934812081846
relative_value,2025-08-29,BAJFINANCE,0.06666666666666667,0.6138864986984275
relative_value,2025-08-29,BHARTIARTL,0.06666666666666667,1.6110440334921488
relative_value,2025-08-29,BPCL,0.06666666666666667,0.6359164797314949
relative_value,2025-08-29,CIPLA,0.06666666666666667,1.3248033418398155
relative_value,2025-08-29,DRREDDY,0.06666666666666667,0.6243870516417555
relative_value,2025-08-29,HDFCBANK,0.06666666666666667,0.7903969214581523
relative_value,2025-08-29,HINDALCO,0.06666666666666667,1.1321804494284113
relative_value,2025-08-29,ICICIBANK,0.06666666666666667,0.7856505499776314
relative_value,2025-08-29,LT,0.06666666666666667,1.0078290933558325
relative_value,2025-08-29,NESTLEIND,0.06666666666666667,2.0468522624044594
relative_value,2025-08-29,SBILIFE,0.06666666666666667,0.8328674459152392
relative_value,2025-08-29,SBIN,0.06666666666666667,1.0267227693912993
relative_value,2025-09-30,ADANIENT,0.06666666666666667,1.8035794655281325
relative_value,2025-09-30,ADANIPORTS,0.06666666666666667,1.0340151069562842
relative_value,2025-09-30,APOLLOHOSP,0.06666666666666667,1.650864674881544
relative_value,2025-09-30,AXISBANK,0.06666666666666667,0.9133258172244543
relative_value,2025-09-30,BHARTIARTL,0.06666666666666667,1.5157780254928666
relative_value,2025-09-30,BPCL,0.06666666666666667,0.5708250630565782
relative_value,2025-09-30,CIPLA,0.06666666666666667,1.4912191116706308
relative_value,2025-09-30,HDFCBANK,0.06666666666666667,0.7789142969049668
relative_value,2025-09-30,HDFCLIFE,0.06666666666666667,0.5481217778211187
relative_value,2025-09-30,HINDALCO,0.06666666666666667,0.7433371306866433
relative_value,2025-09-30,HINDUNILVR,0.06666666666666667,0.4007620910352906
relative_value,2025-09-30,LT,0.06666666666666667,0.8648032653772197
relative_value,2025-09-30,NTPC,0.06666666666666667,0.6123111207234816
relative_value,2025-09-30,SBILIFE,0.06666666666666667,0.8983492706575085
relative_value,2025-09-30,SBIN,0.06666666666666667,0.22370887349146443
relative_value,2025-10-31,ADANIENT,0.06666666666666667,1.6946370227316994
relative_value,2025-10-31,ADANIPORTS,0.06666666666666667,0.8867485383038652
relative_value,2025-10-31,APOLLOHOSP,0.06666666666666667,1.3915332094502342
relative_value,2025-10-31,AXISBANK,0.06666666666666667,0.7532176861061664
relative_value,2025-10-31,BHARTIARTL,0.06666666666666667,1.355420368460525
relative_value,2025-10-31,BPCL,0.06666666666666667,0.5305325216835044
relative_value,2025-10-31,HDFCBANK,0.06666666666666667,0.5660518572622564
relative_value,2025-10-31,HDFCLIFE,0.06666666666666667,0.949321739186641
relative_value,2025-10-31,HINDALCO,0.06666666666666667,0.19214361518509412
relative_value,2025-10-31,HINDUNILVR,0.06666666666666667,0.664067467307958
relative_value,2025-10-31,ITC,0.06666666666666667,1.924595680456939
relative_value,2025-10-31,KOTAKBANK,0.06666666666666667,1.0523087717325583
relative_value,2025-10-31,NESTLEIND,0.06666666666666667,1.21380505074356
relative_value,2025-10-31,NTPC,0.06666666666666667,0.6501072055641793
relative_value,2025-10-31,SUNPHARMA,0.06666666666666667,0.3020104271039243
relative_value,2025-11-28,ADANIPORTS,0.06666666666666667,0.707662508747778
relative_value,2025-11-28,APOLLOHOSP,0.06666666666666667,1.553831032427385
relative_value,2025-11-28,AXISBANK,0.06666666666666667,0.6722811965407783
relative_value,2025-11-28,BHARTIARTL,0.06666666666666667,1.2790083588663348
relative_value,2025-11-28,BPCL,0.06666666666666667,0.5172285458688807
relative_value,2025-11-28,CIPLA,0.06666666666666667,1.2908323490245184
relative_value,2025-11-28,DRREDDY,0.06666666666666667,0.5872006848871686
relative_value,2025-11-28,HDFCBANK,0.06666666666666667,0.4432168028769753
relative_value,2025-11-28,HDFCLIFE,0.06666666666666667,0.3874105262317786
relative_value,2025-11-28,HINDALCO,0.06666666666666667,0.43079261698622684
relative_value,2025-11-28,HINDUNILVR,0.06666666666666667,0.6347160529472515
relative_value,2025-11-28,ICICIBANK,0.06666666666666667,0.7959294273744003
relative_value,2025-11-28,KOTAKBANK,0.06666666666666667,0.9359229081776254
relative_value,2025-11-28,NESTLEIND,0.06666666666666667,1.2444233407733405
relative_value,2025-11-28,TECHM,0.06666666666666667,0.41663820597480794
relative_value,2025-12-31,ADANIPORTS,0.06666666666666667,0.8028947649194099
relative_value,2025-12-31,AXISBANK,0.06666666666666667,0.6684426940245027
relative_value,2025-12-31,BAJAJFINSV,0.06666666666666667,-0.0029403756699670092
relative_value,2025-12-31,BHARTIARTL,0.06666666666666667,1.2218376981590526
relative_value,2025-12-31,BPCL,0.06666666666666667,0.4657438183506309
relative_value,2025-12-31,DRREDDY,0.06666666666666667,0.471343970488629
relative_value,2025-12-31,HCLTECH,0.06666666666666667,0.23808193130587124
relative_value,2025-12-31,HDFCBANK,0.06666666666666667,0.5288440713859202
relative_value,2025-12-31,INFY,0.06666666666666667,0.0411746014673272
relative_value,2025-12-31,KOTAKBANK,0.06666666666666667,0.630525163244075
relative_value,2025-12-31,LT,0.06666666666666667,0.0457116919268701
relative_value,2025-12-31,NESTLEIND,0.06666666666666667,1.0486970520723433
relative_value,2025-12-31,SUNPHARMA,0.06666666666666667,0.19407888290421227
relative_value,2025-12-31,TECHM,0.06666666666666667,0.31940154625423023
relative_value,2025-12-31,WIPRO,0.06666666666666667,0.3664548933072912
relative_value,2026-01-30,ADANIPORTS,0.06666666666666667,0.8995971512686004
relative_value,2026-01-30,AXISBANK,0.06666666666666667,0.5137308260404515
relative_value,2026-01-30,BHARTIARTL,0.06666666666666667,1.2363022747626415
relative_value,2026-01-30,BPCL,0.06666666666666667,0.4877823084710265
relative_value,2026-01-30,HCLTECH,0.06666666666666667,-0.07666417896248684
relative_value,2026-01-30,HEROMOTOCO,0.06666666666666667,-0.04722917998391642
relative_value,2026-01-30,HINDALCO,0.06666666666666667,-0.5616219262384116
relative_value,2026-01-30,INFY,0.06666666666666667,-0.10820316992401477
relative_value,2026-01-30,LT,0.06666666666666667,0.33439183410954354
relative_value,2026-01-30,MARUTI,0.06666666666666667,0.2993156102166323
relative_value,2026-01-30,NESTLEIND,0.06666666666666667,0.7731849933596594
relative_value,2026-01-30,NTPC,0.06666666666666667,0.30504163870015805
relative_value,2026-01-30,SBILIFE,0.06666666666666667,-0.329097195869765
relative_value,2026-01-30,TATACONSUM,0.06666666666666667,-0.1552707465937425
relative_value,2026-01-30,TECHM,0.06666666666666667,0.12295959175966482
relative_value,2026-02-27,ADANIPORTS,0.06666666666666667,0.6387392213819004
relative_value,2026-02-27,APOLLOHOSP,0.06666666666666667,1.0114695715293043
relative_value,2026-02-27,AXISBANK,0.06666666666666667,0.4846500594628716
relative_value,2026-02-27,BAJFINANCE,0.06666666666666667,-0.3835035612291372
relative_value,2026-02-27,BPCL,0.06666666666666667,0.44487925249654225
relative_value,2026-02-27,COALINDIA,0.06666666666666667,-0.5188763441530484
relative_value,2026-02-27,DRREDDY,0.06666666666666667,0.304379233607062
relative_value,2026-02-27,HEROMOTOCO,0.06666666666666667,-0.22876525641710233
relative_value,2026-02-27,HINDALCO,0.06666666666666667,-0.3059881184342333
relative_value,2026-02-27,LT,0.06666666666666667,-0.3474091191415204
relative_value,2026-02-27,MARUTI,0.06666666666666667,0.2063549114876231
relative_value,2026-02-27,NESTLEIND,0.06666666666666667,0.9902934324558897
relative_value,2026-02-27,NTPC,0.06666666666666667,-0.0961262739114443
relative_value,2026-02-27,SUNPHARMA,0.06666666666666667,0.11122317069723292
relative_value,2026-02-27,TATACONSUM,0.06666666666666667,-0.20297349179850385
relative_value,2026-03-30,COALINDIA,0.1,-0.787809931360585
relative_value,2026-03-30,HINDALCO,0.1,-0.03262059190970067
relative_value,2026-03-30,NTPC,0.1,0.08077193084345372
relative_value,2026-03-30,ONGC,0.1,-1.8930650055883491
relative_value,2026-03-30,POWERGRID,0.1,-0.457615775591457
relative_value,2026-03-30,SBIN,0.1,-0.6531814104673709
relative_value,2026-03-30,SHRIRAMFIN,0.1,-1.0103694623754969
relative_value,2026-03-30,SUNPHARMA,0.1,0.030618819137642753
relative_value,2026-03-30,TATASTEEL,0.1,-1.331349263364005
relative_value,2026-03-30,TITAN,0.1,-1.4208721852312378
relative_value,2026-04-30,ADANIENT,0.06666666666666667,1.2484286171110908
relative_value,2026-04-30,ADANIPORTS,0.06666666666666667,0.26054965040989203
relative_value,2026-04-30,APOLLOHOSP,0.06666666666666667,1.0574528958101268
relative_value,2026-04-30,AXISBANK,0.06666666666666667,0.6251420087076612
relative_value,2026-04-30,BAJAJ-AUTO,0.06666666666666667,-1.0120418801600939
relative_value,2026-04-30,BEL,0.06666666666666667,-0.9991907710904339
relative_value,2026-04-30,COALINDIA,0.06666666666666667,-1.222831981852739
relative_value,2026-04-30,DRREDDY,0.06666666666666667,-0.0347921192333038
relative_value,2026-04-30,HINDALCO,0.06666666666666667,-1.0437985376485444
relative_value,2026-04-30,LT,0.06666666666666667,0.1525366376193879
relative_value,2026-04-30,NESTLEIND,0.06666666666666667,-0.017319047144409256
relative_value,2026-04-30,NTPC,0.06666666666666667,-0.36714918359385434
relative_value,2026-04-30,POWERGRID,0.06666666666666667,-0.9118510094248581
relative_value,2026-04-30,SUNPHARMA,0.06666666666666667,-0.19235597083750353
relative_value,2026-04-30,TATACONSUM,0.06666666666666667,-0.2449966975172527
relative_value,2026-05-29,ADANIENT,0.06666666666666667,1.2751816154587723
relative_value,2026-05-29,ADANIPORTS,0.06666666666666667,0.49432200118410025
relative_value,2026-05-29,APOLLOHOSP,0.06666666666666667,1.9495629976114888
relative_value,2026-05-29,ASIANPAINT,0.06666666666666667,0.20548019352389335
relative_value,2026-05-29,AXISBANK,0.06666666666666667,0.4707162700529943
relative_value,2026-05-29,BAJAJ-AUTO,0.06666666666666667,0.8904314071662605
relative_value,2026-05-29,EICHERMOT,0.06666666666666667,0.051182426104344286
relative_value,2026-05-29,JSWSTEEL,0.06666666666666667,1.6391012172825437
relative_value,2026-05-29,LT,0.06666666666666667,0.5546667110379703
relative_value,2026-05-29,NESTLEIND,0.06666666666666667,0.1958956391089288
relative_value,2026-05-29,NTPC,0.06666666666666667,0.6591614373962869
relative_value,2026-05-29,SUNPHARMA,0.06666666666666667,0.21830263734213967
relative_value,2026-05-29,TATACONSUM,0.06666666666666667,1.08245372099664
relative_value,2026-05-29,TATASTEEL,0.06666666666666667,0.7413633898406164
relative_value,2026-05-29,TITAN,0.06666666666666667,2.0272210965314925
relative_value,2026-06-30,ADANIENT,0.06666666666666667,1.198932225753193
relative_value,2026-06-30,ADANIPORTS,0.06666666666666667,0.47348976861014513
relative_value,2026-06-30,APOLLOHOSP,0.06666666666666667,1.6187550965669397
relative_value,2026-06-30,ASIANPAINT,0.06666666666666667,0.2698638293369006
relative_value,2026-06-30,AXISBANK,0.06666666666666667,0.3723914814637625
relative_value,2026-06-30,BAJAJ-AUTO,0.06666666666666667,1.1940341867946744
relative_value,2026-06-30,BAJFINANCE,0.06666666666666667,0.6462406636695862
relative_value,2026-06-30,CIPLA,0.06666666666666667,-0.22120882759288962
relative_value,2026-06-30,ICICIBANK,0.06666666666666667,1.3443452131814986
relative_value,2026-06-30,JSWSTEEL,0.06666666666666667,1.5819304502102405
relative_value,2026-06-30,LT,0.06666666666666667,0.41501590592026905
relative_value,2026-06-30,NESTLEIND,0.06666666666666667,0.28596455268468135
relative_value,2026-06-30,NTPC,0.06666666666666667,1.050931647536074
relative_value,2026-06-30,SUNPHARMA,0.06666666666666667,-0.04414629523535649
relative_value,2026-06-30,TITAN,0.06666666666666667,1.3900126431362128
relative_value,2026-07-03,ADANIENT,0.06666666666666667,1.1465027187975696
relative_value,2026-07-03,ADANIPORTS,0.06666666666666667,0.32645943594537435
relative_value,2026-07-03,APOLLOHOSP,0.06666666666666667,1.5294345278628352
relative_value,2026-07-03,ASIANPAINT,0.06666666666666667,0.07750919805448149
relative_value,2026-07-03,AXISBANK,0.06666666666666667,0.3641639298552167
relative_value,2026-07-03,BAJAJ-AUTO,0.06666666666666667,1.1475106368635415
relative_value,2026-07-03,BAJFINANCE,0.06666666666666667,0.4037963033749798
relative_value,2026-07-03,EICHERMOT,0.06666666666666667,-0.10664028355672434
relative_value,2026-07-03,ICICIBANK,0.06666666666666667,1.0133612534117562
relative_value,2026-07-03,JSWSTEEL,0.06666666666666667,1.5676462296627127
relative_value,2026-07-03,LT,0.06666666666666667,0.64353974767551
relative_value,2026-07-03,NESTLEIND,0.06666666666666667,0.004232661381373048
relative_value,2026-07-03,NTPC,0.06666666666666667,1.036352008799061
relative_value,2026-07-03,TATASTEEL,0.06666666666666667,0.7964343958095059
relative_value,2026-07-03,TITAN,0.06666666666666667,1.2618952165338955
valuation_momentum,2017-09-29,KOTAKBANK,0.09026798712399868,0.36811997902495547
valuation_momentum,2017-09-29,NESTLEIND,0.08419603294200041,0.5404139300970755
valuation_momentum,2017-09-29,HCLTECH,0.08403868295668689,0.055215618791848255
valuation_momentum,2017-09-29,LT,0.08359551644874952,0.11775632015631972
valuation_momentum,2017-09-29,POWERGRID,0.08354006075206602,-0.0029457384517913576
valuation_momentum,2017-09-29,HEROMOTOCO,0.07739270128571325,0.1748045160022731
valuation_momentum,2017-09-29,BEL,0.0622872699569198,0.24064524381706978
valuation_momentum,2017-09-29,BPCL,0.06215580164591799,0.4023986957024896
valuation_momentum,2017-09-29,GRASIM,0.05921632278447464,0.28058824962206214
valuation_momentum,2017-09-29,EICHERMOT,0.057401570292038885,0.09943772373288579
valuation_momentum,2017-09-29,JSWSTEEL,0.05407985848172782,0.14355339038682835
valuation_momentum,2017-09-29,TATASTEEL,0.05407748401677477,0.4428552556887568
valuation_momentum,2017-09-29,ADANIPORTS,0.050687801451526016,0.14677220093815854
valuation_momentum,2017-09-29,TATACONSUM,0.0493710809009687,0.8992322416877002
valuation_momentum,2017-09-29,HINDALCO,0.04769182896043665,0.3648275999096306
valuation_momentum,2017-12-29,NESTLEIND,0.0850603240240265,-0.07527306346763758
valuation_momentum,2017-12-29,KOTAKBANK,0.08253361650066574,-0.012594803202470214
valuation_momentum,2017-12-29,HCLTECH,0.07832577454937183,-0.12715432404192908
valuation_momentum,2017-12-29,INDUSINDBK,0.07786109143943844,-0.04584046168251064
valuation_momentum,2017-12-29,M&M,0.07614626822293658,0.9335722576788036
valuation_momentum,2017-12-29,HEROMOTOCO,0.07608582056556334,-0.13161155578516
valuation_momentum,2017-12-29,LT,0.07440546699268416,0.36446139618597334
valuation_momentum,2017-12-29,TCS,0.07375000444220745,0.13026524449562235
valuation_momentum,2017-12-29,EICHERMOT,0.06348445914165267,-0.024950137963692016
valuation_momentum,2017-12-29,BEL,0.057716710903595314,-0.05995560376797667
valuation_momentum,2017-12-29,TATASTEEL,0.05722207319878047,0.5831765008794242
valuation_momentum,2017-12-29,ADANIPORTS,0.05373499563444981,0.3034492515276674
valuation_momentum,2017-12-29,JSWSTEEL,0.0499891503350168,0.07169542890774028
valuation_momentum,2017-12-29,HINDALCO,0.048204105906054104,0.37926155110191373
valuation_momentum,2017-12-29,TATACONSUM,0.04548013814355683,1.0940152424558989
valuation_momentum,2018-03-28,KOTAKBANK,0.08745797362464001,0.34790187924220467
valuation_momentum,2018-03-28,NESTLEIND,0.08436684699618044,0.9204790792248981
valuation_momentum,2018-03-28,ASIANPAINT,0.08368546596880569,-0.10285025476462707
valuation_momentum,2018-03-28,M&M,0.078679149157691,-0.1673636852948109
valuation_momentum,2018-03-28,HCLTECH,0.07545726437821948,0.2384933053219902
valuation_momentum,2018-03-28,TCS,0.07390813885889479,1.3787176534296772
valuation_momentum,2018-03-28,LT,0.07316852594203167,0.17889668992569197
valuation_momentum,2018-03-28,INFY,0.068769054352533,-0.003014268350492529
valuation_momentum,2018-03-28,BAJAJFINSV,0.05932231610788252,0.2393175117753974
valuation_momentum,2018-03-28,GRASIM,0.05779891369915076,0.5762489239631533
valuation_momentum,2018-03-28,TATASTEEL,0.054204474722110804,0.7860996750362078
valuation_momentum,2018-03-28,BAJFINANCE,0.05294230521540475,0.3289653291979855
valuation_momentum,2018-03-28,HINDALCO,0.05212065891752625,-0.21049799077270334
valuation_momentum,2018-03-28,JSWSTEEL,0.05174080267244928,1.1942233480804652
valuation_momentum,2018-03-28,TATACONSUM,0.04637810938647963,0.016756572591521746
valuation_momentum,2018-06-29,HDFCBANK,0.10399142845772558,1.578635323383235
valuation_momentum,2018-06-29,KOTAKBANK,0.08120008599813011,0.4682804112997864
valuation_momentum,2018-06-29,INDUSINDBK,0.07763025906580506,0.3058891571133951
valuation_momentum,2018-06-29,NESTLEIND,0.076702632926991,0.5598448211612236
valuation_momentum,2018-06-29,BAJAJ-AUTO,0.07654699893753258,0.08425572991885259
valuation_momentum,2018-06-29,LT,0.073745436662329,-0.048221207168068686
valuation_momentum,2018-06-29,M&M,0.07268228450143772,0.5690545110886434
valuation_momentum,2018-06-29,RELIANCE,0.06956935862099625,0.5781084048073831
valuation_momentum,2018-06-29,EICHERMOT,0.06454227351880337,-0.31493454320492564
valuation_momentum,2018-06-29,CIPLA,0.059135952813765484,0.6368994389442052
valuation_momentum,2018-06-29,JSWSTEEL,0.052973870624493456,0.5346540902532019
valuation_momentum,2018-06-29,BAJFINANCE,0.05197986562315342,1.0456470359579428
valuation_momentum,2018-06-29,HINDALCO,0.04666502059442591,-0.3545272769183864
valuation_momentum,2018-06-29,SHRIRAMFIN,0.046340565229360316,0.06427478748759986
valuation_momentum,2018-06-29,TITAN,0.046293966425050466,0.7985013429220049
valuation_momentum,2018-09-28,HDFCBANK,0.10076506190504382,0.21978135120030381
valuation_momentum,2018-09-28,ITC,0.0802502556564229,0.21917493893939577
valuation_momentum,2018-09-28,HINDUNILVR,0.07819532540089685,0.635439540443628
valuation_momentum,2018-09-28,INDUSINDBK,0.0779733832162659,0.2848210981328791
valuation_momentum,2018-09-28,MARUTI,0.07601701346702743,0.039224225062401606
valuation_momentum,2018-09-28,KOTAKBANK,0.07463456380890302,-0.08211763777677444
valuation_momentum,2018-09-28,LT,0.07103095791780456,-0.20644012470848128
valuation_momentum,2018-09-28,NESTLEIND,0.06802993025139245,0.4956848949723966
valuation_momentum,2018-09-28,M&M,0.06698143030862608,0.4629348812387686
valuation_momentum,2018-09-28,CIPLA,0.060452517388028364,0.015666786496861335
valuation_momentum,2018-09-28,BAJAJFINSV,0.05989678716462201,0.3077426117665227
valuation_momentum,2018-09-28,BAJFINANCE,0.05166145859051662,0.5749406846186977
valuation_momentum,2018-09-28,JSWSTEEL,0.05018322258411636,1.6407318038030854
valuation_momentum,2018-09-28,TITAN,0.04635427479226399,0.2527381895159977
valuation_momentum,2018-09-28,SBIN,0.03757381754806984,-0.24992110337787585
valuation_momentum,2018-12-31,HDFCBANK,0.10066869946116005,0.35574751339997485
valuation_momentum,2018-12-31,POWERGRID,0.08255223253351425,0.3716196922298172
valuation_momentum,2018-12-31,ITC,0.08028194950697941,0.01740709937399813
valuation_momentum,2018-12-31,LT,0.07351204464900674,0.342956477552663
valuation_momentum,2018-12-31,INFY,0.06803713605093689,0.4327988947442531
valuation_momentum,2018-12-31,NESTLEIND,0.06665430586191645,0.805496053129524
valuation_momentum,2018-12-31,INDUSINDBK,0.06661786268827302,-0.4586440810556824
valuation_momentum,2018-12-31,KOTAKBANK,0.06533003905264063,1.3054098972665342
valuation_momentum,2018-12-31,HEROMOTOCO,0.06487731510585716,-0.028033212423673144
valuation_momentum,2018-12-31,RELIANCE,0.06205770631243104,0.24180627536258448
valuation_momentum,2018-12-31,M&M,0.06125267330908038,0.24901996749797187
valuation_momentum,2018-12-31,TITAN,0.058001641142638755,0.2990313052850114
valuation_momentum,2018-12-31,JSWSTEEL,0.052110789053392156,-0.1449785053107515
valuation_momentum,2018-12-31,SBIN,0.051819857104175915,-0.26012659273006417
valuation_momentum,2018-12-31,BAJFINANCE,0.04622574816799714,0.4757003376588198
valuation_momentum,2019-03-28,ITC,0.08446712878337824,0.3045660792792191
valuation_momentum,2019-03-28,HINDUNILVR,0.08057275729676076,0.5006181603100708
valuation_momentum,2019-03-28,POWERGRID,0.07954812203700039,0.4981767262955486
valuation_momentum,2019-03-28,LT,0.07916048382832276,0.34680961179966746
valuation_momentum,2019-03-28,BRITANNIA,0.07602750714913362,0.5394113090830434
valuation_momentum,2019-03-28,KOTAKBANK,0.06778486971514804,0.22383415357095626
valuation_momentum,2019-03-28,CIPLA,0.06694573227173682,-0.5728711695432493
valuation_momentum,2019-03-28,NESTLEIND,0.06660121039308953,0.6797988112239269
valuation_momentum,2019-03-28,INDUSINDBK,0.06650969959291679,-0.1654346055832478
valuation_momentum,2019-03-28,SBILIFE,0.06371025951115947,0.5002401629102688
valuation_momentum,2019-03-28,HDFCLIFE,0.06268482236337747,0.3410412882363896
valuation_momentum,2019-03-28,SBIN,0.0568036299934287,0.41567866506333484
valuation_momentum,2019-03-28,TATASTEEL,0.05485163832403153,-0.6495308059414224
valuation_momentum,2019-03-28,JSWSTEEL,0.05465894364716713,-0.4219742789418013
valuation_momentum,2019-03-28,BPCL,0.039673195093348566,-0.6141976159508221
valuation_momentum,2019-06-28,HDFCBANK,0.11319051165202,0.2717923543518808
valuation_momentum,2019-06-28,POWERGRID,0.08021553666126435,0.6535241884740662
valuation_momentum,2019-06-28,LT,0.07845466923187976,0.3323801119665708
valuation_momentum,2019-06-28,NTPC,0.07774868308163935,-0.062371283631064735
valuation_momentum,2019-06-28,ASIANPAINT,0.07714250908942535,-0.025049082409596028
valuation_momentum,2019-06-28,TCS,0.07490633421548483,0.2166504961205714
valuation_momentum,2019-06-28,NESTLEIND,0.07289616764072586,0.26656797979268015
valuation_momentum,2019-06-28,HCLTECH,0.06902181034639078,-0.009572660716458606
valuation_momentum,2019-06-28,SBILIFE,0.06540331086055283,1.2680133513462524
valuation_momentum,2019-06-28,ONGC,0.05979010313134257,-0.058374958018014865
valuation_momentum,2019-06-28,BAJFINANCE,0.051894417962911873,0.6268968656346291
valuation_momentum,2019-06-28,ADANIPORTS,0.049877866882090234,0.21142653002973555
valuation_momentum,2019-06-28,APOLLOHOSP,0.04860713172714789,0.8512617186905332
valuation_momentum,2019-06-28,SHRIRAMFIN,0.04057976313356657,0.536553654473452
valuation_momentum,2019-06-28,BEL,0.04027118438355778,0.10012924874523325
valuation_momentum,2019-09-30,HDFCBANK,0.08794384944574934,0.5293926175345344
valuation_momentum,2019-09-30,ITC,0.08223446904158192,-0.07496335434683332
valuation_momentum,2019-09-30,POWERGRID,0.07840326508396121,0.23460533658863783
valuation_momentum,2019-09-30,NESTLEIND,0.0753228392810784,1.5376313993838988
valuation_momentum,2019-09-30,TCS,0.07158803016372994,0.010686708837982098
valuation_momentum,2019-09-30,BAJAJ-AUTO,0.07088087076629432,0.0990355173038437
valuation_momentum,2019-09-30,LT,0.0676446422521377,0.15422148613055112
valuation_momentum,2019-09-30,HCLTECH,0.06686357325089198,0.043026840609525156
valuation_momentum,2019-09-30,BRITANNIA,0.06653310310332529,0.03499313970879823
valuation_momentum,2019-09-30,AXISBANK,0.061147764559777294,0.32680250450650955
valuation_momentum,2019-09-30,SBILIFE,0.06005230441472007,1.5512645656040764
valuation_momentum,2019-09-30,RELIANCE,0.05897420687122312,0.0007506972321196237
valuation_momentum,2019-09-30,ULTRACEMCO,0.05894865140512654,-0.05194534562554365
valuation_momentum,2019-09-30,APOLLOHOSP,0.05228959438544666,0.5700029499316606
valuation_momentum,2019-09-30,BEL,0.04117283597495608,0.33280322254746114
valuation_momentum,2019-12-31,HINDUNILVR,0.08987101449980722,0.06895250939848303
valuation_momentum,2019-12-31,HDFCBANK,0.08354471829011229,0.37515131250169526
valuation_momentum,2019-12-31,POWERGRID,0.07620595610050201,0.16199505813049145
valuation_momentum,2019-12-31,HCLTECH,0.07568844704072855,0.32414103975014547
valuation_momentum,2019-12-31,DRREDDY,0.0742254156169921,0.20475997796738787
valuation_momentum,2019-12-31,BAJAJ-AUTO,0.0737991077271012,0.2726172404637109
valuation_momentum,2019-12-31,NESTLEIND,0.07376609920454363,1.0020310599172622
valuation_momentum,2019-12-31,TECHM,0.07184495574897673,-0.0916405397511464
valuation_momentum,2019-12-31,TCS,0.07154293235978215,0.8928251501845533
valuation_momentum,2019-12-31,AXISBANK,0.06175238604105503,0.09040103414088725
valuation_momentum,2019-12-31,SBILIFE,0.05908522877677084,0.45401132580169307
valuation_momentum,2019-12-31,APOLLOHOSP,0.050887884594821804,0.7691345124601389
valuation_momentum,2019-12-31,ADANIPORTS,0.04890979490904716,0.08296675445502055
valuation_momentum,2019-12-31,JSWSTEEL,0.04578211851096951,-0.11634645066197558
valuation_momentum,2019-12-31,EICHERMOT,0.043093940578789784,0.04430511881213039
valuation_momentum,2020-03-31,DRREDDY,0.08418241710788171,0.5194650753027646
valuation_momentum,2020-03-31,NESTLEIND,0.08174105207712982,1.3159518227288052
valuation_momentum,2020-03-31,HCLTECH,0.0789378877638376,0.09929443141012444
valuation_momentum,2020-03-31,TCS,0.07890675560992481,0.21611015659078395
valuation_momentum,2020-03-31,POWERGRID,0.07865539969881492,0.36800765628387994
valuation_momentum,2020-03-31,ASIANPAINT,0.07614757396944638,0.9184490896115843
valuation_momentum,2020-03-31,HDFCBANK,0.07160765472021606,0.6918866119807122
valuation_momentum,2020-03-31,BRITANNIA,0.06686833039188166,0.21419523965482903
valuation_momentum,2020-03-31,KOTAKBANK,0.06673743143102792,0.7234120861613201
valuation_momentum,2020-03-31,APOLLOHOSP,0.05698469322824036,0.31807647567739256
valuation_momentum,2020-03-31,RELIANCE,0.05659723505426558,0.3016663630193223
valuation_momentum,2020-03-31,HDFCLIFE,0.052904655510661244,0.4460326889425901
valuation_momentum,2020-03-31,AXISBANK,0.05225199141735434,0.031199233200100245
valuation_momentum,2020-03-31,BAJAJFINSV,0.05061172477557176,0.21801350739398392
valuation_momentum,2020-03-31,BAJFINANCE,0.046865197243745674,0.7191674178355449
valuation_momentum,2020-06-30,WIPRO,0.08328204899673104,0.19613325418404504
valuation_momentum,2020-06-30,NESTLEIND,0.08154966318187153,1.0733210127904078
valuation_momentum,2020-06-30,ASIANPAINT,0.0802653876737798,0.7941295220398086
valuation_momentum,2020-06-30,HCLTECH,0.07699036993915855,0.2105173786336978
valuation_momentum,2020-06-30,BAJAJ-AUTO,0.07220011304970354,0.310149053843981
valuation_momentum,2020-06-30,BRITANNIA,0.07137455090943716,1.0514033291589697
valuation_momentum,2020-06-30,SUNPHARMA,0.07028859912002852,0.64345457986785
valuation_momentum,2020-06-30,HDFCBANK,0.06844469224776495,0.18697334099641452
valuation_momentum,2020-06-30,INFY,0.06543569794907367,0.25684688541311534
valuation_momentum,2020-06-30,SBILIFE,0.06372401148481074,0.44985711224262137
valuation_momentum,2020-06-30,BHARTIARTL,0.06075638071290891,1.0851472765047616
valuation_momentum,2020-06-30,HEROMOTOCO,0.05937824165656097,0.5933420443227532
valuation_momentum,2020-06-30,TRENT,0.051147831386263644,0.3937237737584806
valuation_momentum,2020-06-30,BAJAJFINSV,0.05013895246820045,0.24883919867177884
valuation_momentum,2020-06-30,BAJFINANCE,0.04502345922370649,0.24046266467974156
valuation_momentum,2020-09-30,NESTLEIND,0.08039907056094749,0.10674694847525551
valuation_momentum,2020-09-30,POWERGRID,0.07936616405420709,-0.3307512275274801
valuation_momentum,2020-09-30,ASIANPAINT,0.07889110735549422,0.29987757661284936
valuation_momentum,2020-09-30,HINDUNILVR,0.07730614326647343,-0.428464526961877
valuation_momentum,2020-09-30,BRITANNIA,0.0727256508269075,0.2185216492162121
valuation_momentum,2020-09-30,BAJAJ-AUTO,0.07266340570591835,0.18163783343417683
valuation_momentum,2020-09-30,SUNPHARMA,0.06967594849069561,0.4049867160983199
valuation_momentum,2020-09-30,ULTRACEMCO,0.06787277531369652,-0.19805065790810547
valuation_momentum,2020-09-30,TITAN,0.06394690064250706,-0.2716822155903131
valuation_momentum,2020-09-30,SBILIFE,0.06323215535598908,0.10341432658730731
valuation_momentum,2020-09-30,APOLLOHOSP,0.058436616707244704,1.0941475162002732
valuation_momentum,2020-09-30,BHARTIARTL,0.057512000416056,0.5718457728250189
valuation_momentum,2020-09-30,HDFCLIFE,0.05743173434968151,-0.2625995849234905
valuation_momentum,2020-09-30,GRASIM,0.05416523549303139,0.3472871632354499
valuation_momentum,2020-09-30,ADANIENT,0.04637509146114997,1.6786754256529601
valuation_momentum,2020-12-31,NESTLEIND,0.08114310775428521,0.36742516661784347
valuation_momentum,2020-12-31,POWERGRID,0.08014807564299288,-0.037840388192276385
valuation_momentum,2020-12-31,BRITANNIA,0.07618587285496589,-0.21093203688805917
valuation_momentum,2020-12-31,BAJAJ-AUTO,0.07322187457961514,0.047939622626480265
valuation_momentum,2020-12-31,SUNPHARMA,0.07138441306273026,0.4012867028900011
valuation_momentum,2020-12-31,ULTRACEMCO,0.07058326525727071,1.0306807444507815
valuation_momentum,2020-12-31,ITC,0.06902590937170555,-0.35391570729641714
valuation_momentum,2020-12-31,SBILIFE,0.06846361430642174,0.16929069623011475
valuation_momentum,2020-12-31,LT,0.06708061099872435,0.03388788187032521
valuation_momentum,2020-12-31,HDFCBANK,0.06683686429659703,0.15003319016880914
valuation_momentum,2020-12-31,BHARTIARTL,0.06371921727638312,-0.5026358238739469
valuation_momentum,2020-12-31,APOLLOHOSP,0.05940363920478387,0.7143296110309579
valuation_momentum,2020-12-31,GRASIM,0.05835715175527632,0.08754750114608718
valuation_momentum,2020-12-31,TRENT,0.050164587303849435,0.018110907183727615
valuation_momentum,2020-12-31,BAJFINANCE,0.04428179633439859,-0.21909190853845417
valuation_momentum,2021-03-31,BRITANNIA,0.11281843629930251,-0.5619755517564379
valuation_momentum,2021-03-31,NESTLEIND,0.10996901898078842,-0.5035274639510445
valuation_momentum,2021-03-31,SBILIFE,0.0977800384085253,0.8653033903903179
valuation_momentum,2021-03-31,ITC,0.09767782232978366,0.09769006479461284
valuation_momentum,2021-03-31,ULTRACEMCO,0.09566946664621462,0.35198955603380755
valuation_momentum,2021-03-31,SUNPHARMA,0.0911850990381332,-0.2318022884793656
valuation_momentum,2021-03-31,GRASIM,0.08499570922467695,0.8661029494302842
valuation_momentum,2021-03-31,BHARTIARTL,0.08202449035688951,-0.7074587519099005
valuation_momentum,2021-03-31,KOTAKBANK,0.07880240530827894,-0.7112090242727392
valuation_momentum,2021-03-31,APOLLOHOSP,0.0761306198951672,0.07975676573737285
valuation_momentum,2021-03-31,SBIN,0.07294689351223976,-0.2900823279035996
valuation_momentum,2021-06-30,HINDUNILVR,0.10053697091725149,0.03301426895689176
valuation_momentum,2021-06-30,NESTLEIND,0.09488066046298015,-0.32543145431501486
valuation_momentum,2021-06-30,SBILIFE,0.08347360712706794,0.07495435758616316
valuation_momentum,2021-06-30,TATACONSUM,0.06928107148651479,0.25216769242784404
valuation_momentum,2021-06-30,CIPLA,0.06828328906557918,0.012290581953855276
valuation_momentum,2021-06-30,RELIANCE,0.06784057623429152,-0.06380825884297885
valuation_momentum,2021-06-30,KOTAKBANK,0.06732289694476415,-0.5343083910016906
valuation_momentum,2021-06-30,NTPC,0.06506590864764293,0.13776921604153938
valuation_momentum,2021-06-30,BPCL,0.05849174477889836,-0.4149187976388203
valuation_momentum,2021-06-30,ICICIBANK,0.05611226314074135,-0.17121303712128014
valuation_momentum,2021-06-30,JSWSTEEL,0.05575288231588364,0.4172158745591494
valuation_momentum,2021-06-30,TRENT,0.054882000410021996,-0.31544142018372395
valuation_momentum,2021-06-30,ONGC,0.05467717759787711,0.1334905597992503
valuation_momentum,2021-06-30,AXISBANK,0.053385177683189844,-0.25263744758022194
valuation_momentum,2021-06-30,TATASTEEL,0.05001377318729552,0.5493434806208334
valuation_momentum,2021-09-30,BRITANNIA,0.11386078159634584,-0.4306658786956654
valuation_momentum,2021-09-30,NESTLEIND,0.1012799529444535,-0.07178943112576926
valuation_momentum,2021-09-30,SBILIFE,0.0937850322998996,0.4423366898095953
valuation_momentum,2021-09-30,TATACONSUM,0.08706568129255775,-0.5008846129377229
valuation_momentum,2021-09-30,CIPLA,0.08446374928138373,-0.27305601781080435
valuation_momentum,2021-09-30,RELIANCE,0.08120481374419798,0.07151574414053996
valuation_momentum,2021-09-30,BHARTIARTL,0.07137969802849657,0.8024642640176042
valuation_momentum,2021-09-30,BPCL,0.07043972118196293,-0.2866256233446263
valuation_momentum,2021-09-30,AXISBANK,0.0649893122953736,-0.01380506651588693
valuation_momentum,2021-09-30,ICICIBANK,0.0644477058107184,-0.005486483496428662
valuation_momentum,2021-09-30,ONGC,0.05856085765589324,0.6955369919417415
valuation_momentum,2021-09-30,JSWSTEEL,0.057889603689902855,-0.5736274405510488
valuation_momentum,2021-09-30,TATASTEEL,0.05063309017881416,0.10712743549580035
valuation_momentum,2021-12-31,NESTLEIND,0.09797454138065431,0.05804231956332533
valuation_momentum,2021-12-31,HINDUNILVR,0.08770308763134002,-0.4510941342178865
valuation_momentum,2021-12-31,TATACONSUM,0.0747680743506103,-0.2724904299342603
valuation_momentum,2021-12-31,HDFCBANK,0.07289793389881245,-0.271825661953282
valuation_momentum,2021-12-31,SBILIFE,0.0726460744714862,0.17754191136238576
valuation_momentum,2021-12-31,CIPLA,0.07095831993152288,0.48503581346473484
valuation_momentum,2021-12-31,RELIANCE,0.06764891472578098,0.1783483869858898
valuation_momentum,2021-12-31,KOTAKBANK,0.06457242625530218,-0.07845897609420242
valuation_momentum,2021-12-31,BPCL,0.062611397795752,-0.49531333587229315
valuation_momentum,2021-12-31,BHARTIARTL,0.06253431604856674,-0.3889372639575864
valuation_momentum,2021-12-31,NTPC,0.062037580249555205,-0.20973253804755776
valuation_momentum,2021-12-31,AXISBANK,0.05779135814291898,-0.2990143980546693
valuation_momentum,2021-12-31,ICICIBANK,0.05614025007372494,0.6471435109354245
valuation_momentum,2021-12-31,JSWSTEEL,0.047086979324720224,0.2580407048254795
valuation_momentum,2021-12-31,ADANIPORTS,0.0426287457192525,-0.3143134797055229
valuation_momentum,2022-03-31,NESTLEIND,0.09329433643680979,-0.27695273549868793
valuation_momentum,2022-03-31,HDFCBANK,0.07391611329242664,-0.055785323525120147
valuation_momentum,2022-03-31,LT,0.0709706175490477,-0.14069660477806703
valuation_momentum,2022-03-31,CIPLA,0.07045311244409844,0.5047559535350004
valuation_momentum,2022-03-31,SBILIFE,0.07028384591346833,-0.28468220260368565
valuation_momentum,2022-03-31,HDFCLIFE,0.06926615271042172,-0.3604479753985159
valuation_momentum,2022-03-31,RELIANCE,0.06816798383662416,0.2224923929557344
valuation_momentum,2022-03-31,TATACONSUM,0.06560536777170949,0.0019075014474011036
valuation_momentum,2022-03-31,NTPC,0.06413852348728513,-0.21911946942097082
valuation_momentum,2022-03-31,KOTAKBANK,0.06333471002657988,-0.40544955441154373
valuation_momentum,2022-03-31,BHARTIARTL,0.06297590971783683,0.20525023180571952
valuation_momentum,2022-03-31,ASIANPAINT,0.06295248745907392,0.5193577743820535
valuation_momentum,2022-03-31,ICICIBANK,0.061477726812213286,0.14245725336285875
valuation_momentum,2022-03-31,AXISBANK,0.06121254538607533,-0.1628999762354715
valuation_momentum,2022-03-31,TATASTEEL,0.041950567156329534,0.32576477630939654
valuation_momentum,2022-06-30,NESTLEIND,0.09514512387837312,0.2000899795677631
valuation_momentum,2022-06-30,TCS,0.08045228047966099,-0.08758279961788833
valuation_momentum,2022-06-30,BAJAJ-AUTO,0.07426426369575424,0.8893934230974095
valuation_momentum,2022-06-30,SBILIFE,0.07127424731401794,0.09012189651529794
valuation_momentum,2022-06-30,SUNPHARMA,0.07103710482388295,0.45173491387317394
valuation_momentum,2022-06-30,ICICIBANK,0.06981299865886033,0.10985895365666913
valuation_momentum,2022-06-30,POWERGRID,0.06750989900801684,0.6201890846274551
valuation_momentum,2022-06-30,RELIANCE,0.06698804061309048,0.9564423304247825
valuation_momentum,2022-06-30,NTPC,0.06418883457451909,1.0655035798519439
valuation_momentum,2022-06-30,M&M,0.06309723268217217,1.492942275747961
valuation_momentum,2022-06-30,EICHERMOT,0.06233135846321532,0.48326637349255547
valuation_momentum,2022-06-30,GRASIM,0.060765323990744594,0.005842527870003093
valuation_momentum,2022-06-30,TITAN,0.05822772503292355,0.6573295203671138
valuation_momentum,2022-06-30,COALINDIA,0.04788615192146298,0.5405626102302951
valuation_momentum,2022-06-30,ONGC,0.04701941486330547,1.2304935290357373
valuation_momentum,2022-09-30,NESTLEIND,0.09854370863422378,0.2341160634518226
valuation_momentum,2022-09-30,HINDUNILVR,0.07815825785178251,0.18102011515601793
valuation_momentum,2022-09-30,SUNPHARMA,0.0759603595231581,0.585349547644877
valuation_momentum,2022-09-30,ICICIBANK,0.07128997229997128,0.459943375603445
valuation_momentum,2022-09-30,SBILIFE,0.070094540280981,0.14722669690186482
valuation_momentum,2022-09-30,SBIN,0.06863681300979083,0.3062687139279196
valuation_momentum,2022-09-30,TATACONSUM,0.06662706939685646,0.1707120037341211
valuation_momentum,2022-09-30,POWERGRID,0.0661554015390608,1.3697342848531793
valuation_momentum,2022-09-30,NTPC,0.06538286227264256,0.24405176462286113
valuation_momentum,2022-09-30,AXISBANK,0.06523240565125706,0.06975804641236764
valuation_momentum,2022-09-30,M&M,0.06199062979192102,0.9935503088492905
valuation_momentum,2022-09-30,TITAN,0.05871990795854226,0.14955315998369487
valuation_momentum,2022-09-30,BAJFINANCE,0.05459396483180508,-0.08006985979095843
valuation_momentum,2022-09-30,COALINDIA,0.04988549427395385,-0.0712095272663024
valuation_momentum,2022-09-30,INDUSINDBK,0.048728612684053464,0.6803599891601676
valuation_momentum,2022-12-30,NESTLEIND,0.08822217583452081,0.4997082507742577
valuation_momentum,2022-12-30,ICICIBANK,0.07644117691014732,0.7235870769400475
valuation_momentum,2022-12-30,SUNPHARMA,0.07631516897918186,0.8439353025539408
valuation_momentum,2022-12-30,DRREDDY,0.07331753028339262,0.2568071590180527
valuation_momentum,2022-12-30,HINDUNILVR,0.07118684655138584,0.3412427483736729
valuation_momentum,2022-12-30,KOTAKBANK,0.07056189268176918,0.8685581798012997
valuation_momentum,2022-12-30,SBILIFE,0.06878933862010962,0.20650959423550166
valuation_momentum,2022-12-30,HDFCBANK,0.06836218934764031,0.5444230548998449
valuation_momentum,2022-12-30,SBIN,0.06703450861550801,0.79013353477794
valuation_momentum,2022-12-30,TITAN,0.06176537020018621,0.14078339429344805
valuation_momentum,2022-12-30,M&M,0.06127644930996202,0.3262859999981807
valuation_momentum,2022-12-30,AXISBANK,0.060778906682392525,0.7405932262549526
valuation_momentum,2022-12-30,EICHERMOT,0.058186017768026,0.31646817128325216
valuation_momentum,2022-12-30,INDUSINDBK,0.05040482911053818,0.46759863131394575
valuation_momentum,2022-12-30,SHRIRAMFIN,0.04735759910523948,0.7607629670605315
valuation_momentum,2023-03-31,NESTLEIND,0.08156164413250662,0.42409900740619294
valuation_momentum,2023-03-31,SUNPHARMA,0.0780849829870931,0.1236384877832148
valuation_momentum,2023-03-31,ICICIBANK,0.07687445307595349,0.8372257229760764
valuation_momentum,2023-03-31,DRREDDY,0.07588845077928677,0.2949975809711211
valuation_momentum,2023-03-31,KOTAKBANK,0.07421658415435016,0.8664984863616016
valuation_momentum,2023-03-31,BAJAJ-AUTO,0.06910649504032167,0.31762980760167353
valuation_momentum,2023-03-31,HDFCBANK,0.06683211275187552,1.357551608528172
valuation_momentum,2023-03-31,ULTRACEMCO,0.06622831932281448,0.3024777845755537
valuation_momentum,2023-03-31,POWERGRID,0.06599234187100989,0.45918536539526905
valuation_momentum,2023-03-31,NTPC,0.0649412148072157,0.8942403809201106
valuation_momentum,2023-03-31,SBIN,0.06267432826781537,0.26073509405239664
valuation_momentum,2023-03-31,AXISBANK,0.06239399488870538,0.42157868493043477
valuation_momentum,2023-03-31,M&M,0.059840450101716604,0.9301573916919926
valuation_momentum,2023-03-31,INDUSINDBK,0.047841075242013024,0.6749063697923384
valuation_momentum,2023-03-31,SHRIRAMFIN,0.047523552577322235,0.3830224548524431
valuation_momentum,2023-06-30,NESTLEIND,0.08071830487999568,0.2781880508993389
valuation_momentum,2023-06-30,ICICIBANK,0.07934114296917294,0.23901048738702454
valuation_momentum,2023-06-30,SUNPHARMA,0.07892994845285464,0.3511098355090883
valuation_momentum,2023-06-30,DRREDDY,0.07648810919254546,-0.007734616004847483
valuation_momentum,2023-06-30,HDFCBANK,0.07540267330926316,0.2981293563813003
valuation_momentum,2023-06-30,BHARTIARTL,0.0717044568593707,0.10609077751112361
valuation_momentum,2023-06-30,BRITANNIA,0.06990605395068732,0.543850872212302
valuation_momentum,2023-06-30,TATACONSUM,0.06900365793216937,0.6070817279947974
valuation_momentum,2023-06-30,HEROMOTOCO,0.06772710425151732,0.4237483599022911
valuation_momentum,2023-06-30,TITAN,0.06724024031273385,0.5699209756363263
valuation_momentum,2023-06-30,COALINDIA,0.06408935762148646,0.6962168302106014
valuation_momentum,2023-06-30,M&M,0.05948397356961409,0.12661306142860151
valuation_momentum,2023-06-30,TRENT,0.050365422507879884,0.5290123579355818
valuation_momentum,2023-06-30,INDUSINDBK,0.04659957516777755,0.9592554013008824
valuation_momentum,2023-06-30,SHRIRAMFIN,0.04299997902293162,1.0297246981843282
valuation_momentum,2023-09-29,SUNPHARMA,0.08296693250260456,0.1627843370442242
valuation_momentum,2023-09-29,NESTLEIND,0.08110993685299547,-0.001998731442455178
valuation_momentum,2023-09-29,TCS,0.07419017133127423,0.07094651101162196
valuation_momentum,2023-09-29,BHARTIARTL,0.07391155355374247,0.1760519217876512
valuation_momentum,2023-09-29,MARUTI,0.07289844819122514,0.6385730550759114
valuation_momentum,2023-09-29,HDFCBANK,0.07217385957261013,0.08602772173999813
valuation_momentum,2023-09-29,DRREDDY,0.07133051695629132,-0.07257957766993373
valuation_momentum,2023-09-29,TATACONSUM,0.07092986319566158,0.1359814572390566
valuation_momentum,2023-09-29,RELIANCE,0.07004624717722037,-0.23021185942710476
valuation_momentum,2023-09-29,TITAN,0.06995847829061033,0.12364566513583737
valuation_momentum,2023-09-29,M&M,0.05881796889023485,0.22103966577741396
valuation_momentum,2023-09-29,COALINDIA,0.057095058152946944,1.1150184588645984
valuation_momentum,2023-09-29,TRENT,0.051808453301745064,1.1786192907356952
valuation_momentum,2023-09-29,INDUSINDBK,0.04945232942601194,0.13432428067259627
valuation_momentum,2023-09-29,SHRIRAMFIN,0.04331018260482548,1.0104803266708668
valuation_momentum,2023-12-29,SUNPHARMA,0.08515279283240638,-0.11094167820158884
valuation_momentum,2023-12-29,HINDUNILVR,0.08480143491265672,-0.40252960857863257
valuation_momentum,2023-12-29,MARUTI,0.08118934197652379,0.015917195974043046
valuation_momentum,2023-12-29,BRITANNIA,0.07819645433391885,-0.1248159626384573
valuation_momentum,2023-12-29,NESTLEIND,0.07744124361502377,0.6599578930262969
valuation_momentum,2023-12-29,BHARTIARTL,0.07560231331951661,0.23827171680678563
valuation_momentum,2023-12-29,TITAN,0.07245335575565442,-0.02033264662565541
valuation_momentum,2023-12-29,TCS,0.07145406135103374,-0.17615052179881904
valuation_momentum,2023-12-29,DRREDDY,0.070321796775099,0.14128352322859117
valuation_momentum,2023-12-29,M&M,0.05602324585488711,0.024142099862089594
valuation_momentum,2023-12-29,EICHERMOT,0.05344586001458862,-0.0978034565122216
valuation_momentum,2023-12-29,COALINDIA,0.05170754561598977,0.6475691191391776
valuation_momentum,2023-12-29,INDUSINDBK,0.05103299785994869,0.461758173318068
valuation_momentum,2023-12-29,TRENT,0.0490252790893053,1.0651738836260096
valuation_momentum,2023-12-29,SHRIRAMFIN,0.04215227669344712,0.2090252064654042
valuation_momentum,2024-03-28,ICICIBANK,0.09081723025762255,0.2568290328054796
valuation_momentum,2024-03-28,TITAN,0.08219606971620236,0.17972243211794633
valuation_momentum,2024-03-28,BHARTIARTL,0.08056575546176341,0.6910569477685929
valuation_momentum,2024-03-28,ITC,0.0800418012615335,-0.049052333256605664
valuation_momentum,2024-03-28,NESTLEIND,0.07948397190492104,0.037322403824938725
valuation_momentum,2024-03-28,MARUTI,0.07867272309911284,0.14067092492397845
valuation_momentum,2024-03-28,DRREDDY,0.07057609273227017,-0.3857684517743451
valuation_momentum,2024-03-28,SBIN,0.06911621088846549,-0.02368890048430831
valuation_momentum,2024-03-28,BAJAJFINSV,0.06833642787104437,-0.3116066058079072
valuation_momentum,2024-03-28,INDUSINDBK,0.05937088024549411,-0.3330018091649983
valuation_momentum,2024-03-28,EICHERMOT,0.05764484944372415,0.11816059050335326
valuation_momentum,2024-03-28,M&M,0.056865607624644016,0.7521900914025436
valuation_momentum,2024-03-28,COALINDIA,0.04908521667119577,-0.09623164398337929
valuation_momentum,2024-03-28,TRENT,0.04507193260378116,1.038824403123797
valuation_momentum,2024-03-28,ADANIENT,0.03215523021822501,-0.22289128248767823
valuation_momentum,2024-06-28,ICICIBANK,0.0841432525676664,0.3021685154499881
valuation_momentum,2024-06-28,MARUTI,0.08140522969784947,-0.3427952762891006
valuation_momentum,2024-06-28,DRREDDY,0.07928981267392567,0.5222084979500211
valuation_momentum,2024-06-28,TITAN,0.07923642464366516,-0.21405305995070703
valuation_momentum,2024-06-28,HDFCBANK,0.07892852044642072,-0.36117812651645287
valuation_momentum,2024-06-28,SBILIFE,0.07563287474422624,-0.20495827081685905
valuation_momentum,2024-06-28,BAJAJFINSV,0.07502266826781653,-0.28156278599072887
valuation_momentum,2024-06-28,AXISBANK,0.06892297095545685,0.09800055972803816
valuation_momentum,2024-06-28,JSWSTEEL,0.065628304942149,-0.0415695396547194
valuation_momentum,2024-06-28,EICHERMOT,0.06502854074370397,-0.3772652831605505
valuation_momentum,2024-06-28,CIPLA,0.0629861503242307,-0.201106613661571
valuation_momentum,2024-06-28,ONGC,0.048955581889891985,0.22836127095846204
valuation_momentum,2024-06-28,TRENT,0.04893457094876549,1.0547094226083966
valuation_momentum,2024-06-28,BPCL,0.047565231825935916,-0.15792257968647413
valuation_momentum,2024-06-28,ADANIENT,0.038319865328295837,0.2938614103477524
valuation_momentum,2024-09-30,ASIANPAINT,0.08628078956711133,-0.20697515892216967
valuation_momentum,2024-09-30,NESTLEIND,0.08170908521016938,0.3866405594514129
valuation_momentum,2024-09-30,DRREDDY,0.07842113888056458,-0.0946239893006412
valuation_momentum,2024-09-30,ICICIBANK,0.07797829099721892,0.02224519580979441
valuation_momentum,2024-09-30,TCS,0.0776144595156668,-0.26984418379160585
valuation_momentum,2024-09-30,MARUTI,0.07363165561094406,-0.03526538471474582
valuation_momentum,2024-09-30,BAJAJFINSV,0.07179533519402326,0.7700182899372815
valuation_momentum,2024-09-30,AXISBANK,0.06582558044774474,-0.681071597881682
valuation_momentum,2024-09-30,CIPLA,0.06561843041183629,0.029378890978758083
valuation_momentum,2024-09-30,EICHERMOT,0.06448183170756179,0.12748143857843733
valuation_momentum,2024-09-30,BAJFINANCE,0.06267195247951418,0.1214553408711696
valuation_momentum,2024-09-30,JSWSTEEL,0.061327595598317984,0.32315261757773767
valuation_momentum,2024-09-30,BPCL,0.04526632625218029,0.7846094799979371
valuation_momentum,2024-09-30,TRENT,0.04400607982557905,2.0212163840028867
valuation_momentum,2024-09-30,ONGC,0.04337144830156732,-0.45762265828864157
valuation_momentum,2024-12-31,DRREDDY,0.08200982362385131,1.1947317677436688
valuation_momentum,2024-12-31,ICICIBANK,0.08173844869202827,0.595542533758484
valuation_momentum,2024-12-31,TCS,0.08059985056485866,0.19222004911849913
valuation_momentum,2024-12-31,RELIANCE,0.0740995361236189,-0.26901187682076316
valuation_momentum,2024-12-31,KOTAKBANK,0.07241774352733063,0.0041722093804101535
valuation_momentum,2024-12-31,HDFCLIFE,0.07188099600922479,-0.09436781126166077
valuation_momentum,2024-12-31,EICHERMOT,0.06943211989695154,-0.010107265453247694
valuation_momentum,2024-12-31,SBILIFE,0.06907636695635545,0.03804341182252576
valuation_momentum,2024-12-31,CIPLA,0.06588904253036923,0.9885688207697857
valuation_momentum,2024-12-31,BAJFINANCE,0.06572037885447304,-0.09062706227654128
valuation_momentum,2024-12-31,JSWSTEEL,0.06269027821696312,0.9292215165296572
valuation_momentum,2024-12-31,LT,0.06005139892522903,0.037840630425977406
valuation_momentum,2024-12-31,SBIN,0.05777044272092888,0.02329452118174898
valuation_momentum,2024-12-31,TRENT,0.04483495463706402,1.0722054043833193
valuation_momentum,2024-12-31,ADANIPORTS,0.04178861872075321,0.1265525463418665
valuation_momentum,2025-03-28,ITC,0.08532015232445539,-0.04667252405900454
valuation_momentum,2025-03-28,SUNPHARMA,0.08232469724978991,0.1400800990552727
valuation_momentum,2025-03-28,ICICIBANK,0.08035350145931956,0.7725400028026933
valuation_momentum,2025-03-28,TCS,0.07764979486907421,-0.056782534794623696
valuation_momentum,2025-03-28,APOLLOHOSP,0.07186730536039058,0.17330367073363875
valuation_momentum,2025-03-28,INFY,0.06920887040216447,0.6282231376751831
valuation_momentum,2025-03-28,HCLTECH,0.06892108138576822,0.06739388211072579
valuation_momentum,2025-03-28,HDFCLIFE,0.06789470381626417,-0.06808287280524856
valuation_momentum,2025-03-28,BAJAJFINSV,0.06485966581048468,1.1523844060813515
valuation_momentum,2025-03-28,KOTAKBANK,0.06355212833246024,0.8848090226573203
valuation_momentum,2025-03-28,JSWSTEEL,0.06309294468518509,0.5642232356346241
valuation_momentum,2025-03-28,EICHERMOT,0.062063015513434294,0.6282899539422644
valuation_momentum,2025-03-28,BAJFINANCE,0.060762613897073776,0.8602075933744492
valuation_momentum,2025-03-28,TRENT,0.043667393969323565,-0.05120132919486464
valuation_momentum,2025-03-28,INDUSINDBK,0.038462130924811856,-0.1272098792124261
valuation_momentum,2025-06-30,ICICIBANK,0.08421194368875534,0.7226626223469669
valuation_momentum,2025-06-30,HDFCBANK,0.08164535519384286,0.5731700188487712
valuation_momentum,2025-06-30,SUNPHARMA,0.07797963950010693,0.1874938138763773
valuation_momentum,2025-06-30,APOLLOHOSP,0.07249375525645455,0.9089083847893747
valuation_momentum,2025-06-30,MARUTI,0.07072732567675961,-0.03172111511620387
valuation_momentum,2025-06-30,BHARTIARTL,0.07061926731418376,0.9508131330788703
valuation_momentum,2025-06-30,SBIN,0.06942078068044821,0.18230555306489335
valuation_momentum,2025-06-30,KOTAKBANK,0.06933955577325067,0.5856111053320413
valuation_momentum,2025-06-30,SBILIFE,0.06423475877228191,0.8826691543424531
valuation_momentum,2025-06-30,LT,0.06283545951456958,-0.0439259195677586
valuation_momentum,2025-06-30,NTPC,0.06136819249154946,0.08884638739621797
valuation_momentum,2025-06-30,EICHERMOT,0.061252617988060774,0.6250522212168713
valuation_momentum,2025-06-30,HCLTECH,0.05992100782543785,-0.037120081753378
valuation_momentum,2025-06-30,M&M,0.05145640922482044,0.2712738571358901
valuation_momentum,2025-06-30,SHRIRAMFIN,0.04249393109947805,0.5239317355468868
valuation_momentum,2025-09-30,ICICIBANK,0.09179157057241434,0.8570301003318622
valuation_momentum,2025-09-30,HDFCBANK,0.0902949584763194,0.6752800022048905
valuation_momentum,2025-09-30,SBIN,0.0764103491674553,0.47718988443128313
valuation_momentum,2025-09-30,BRITANNIA,0.0730845476479251,0.6614468709975767
valuation_momentum,2025-09-30,HDFCLIFE,0.0727404544857201,0.749403549899531
valuation_momentum,2025-09-30,SBILIFE,0.07205674664047286,0.364022749858743
valuation_momentum,2025-09-30,KOTAKBANK,0.06804139485930356,0.5133308673389894
valuation_momentum,2025-09-30,TATACONSUM,0.06620941906427777,0.27441627991754297
valuation_momentum,2025-09-30,LT,0.06607071006640317,0.33811202506291904
valuation_momentum,2025-09-30,EICHERMOT,0.06397946044241876,1.5705085448303064
valuation_momentum,2025-09-30,BAJFINANCE,0.06032103545070087,0.8113356886910347
valuation_momentum,2025-09-30,HINDALCO,0.05726046259218484,0.23789553179238201
valuation_momentum,2025-09-30,M&M,0.0535442511512145,0.6447425182863472
valuation_momentum,2025-09-30,ADANIPORTS,0.049705539210275214,0.40105084419338927
valuation_momentum,2025-09-30,ADANIENT,0.03848910017291417,0.25883114341776564
valuation_momentum,2025-12-31,HDFCBANK,0.08739645106826253,0.3384139616516326
valuation_momentum,2025-12-31,ICICIBANK,0.08356920955819651,-0.21903463976880858
valuation_momentum,2025-12-31,SBIN,0.07491704390657528,0.5523123555788715
valuation_momentum,2025-12-31,HINDUNILVR,0.07341828916653127,0.050391531949621614
valuation_momentum,2025-12-31,SUNPHARMA,0.06769403880610401,-0.1827880126249699
valuation_momentum,2025-12-31,CIPLA,0.06745239680145852,-0.47477015195418987
valuation_momentum,2025-12-31,BHARTIARTL,0.06728714220618018,0.06477381070546517
valuation_momentum,2025-12-31,DRREDDY,0.06633924016321328,-0.39406640065767634
valuation_momentum,2025-12-31,APOLLOHOSP,0.06522639537492805,-0.4764791627249088
valuation_momentum,2025-12-31,NTPC,0.06514026460059698,-0.41831441411269976
valuation_momentum,2025-12-31,HDFCLIFE,0.06486729229602049,0.3814045220211592
valuation_momentum,2025-12-31,KOTAKBANK,0.0595716513286827,0.07073038336390391
valuation_momentum,2025-12-31,ADANIPORTS,0.054527974471305196,-0.030471226139428542
valuation_momentum,2025-12-31,HINDALCO,0.05201703360621597,0.9077342844307098
valuation_momentum,2025-12-31,M&M,0.05057557664572886,0.17762420199310971
valuation_momentum,2026-03-30,HDFCBANK,0.0817594148307144,0.2142883753597363
valuation_momentum,2026-03-30,BHARTIARTL,0.07667493994766111,0.18686770076612072
valuation_momentum,2026-03-30,NTPC,0.07661735525356653,0.48278829828004693
valuation_momentum,2026-03-30,SUNPHARMA,0.07645198206729398,0.2528200688373823
valuation_momentum,2026-03-30,SBILIFE,0.07575218660759613,0.21271021093179934
valuation_momentum,2026-03-30,APOLLOHOSP,0.07387329771298325,0.374844303726324
valuation_momentum,2026-03-30,SBIN,0.06951844163908184,0.7017375409547992
valuation_momentum,2026-03-30,MARUTI,0.06694222261702155,0.13440069857412051
valuation_momentum,2026-03-30,EICHERMOT,0.06347985307297843,0.4453683990553839
valuation_momentum,2026-03-30,AXISBANK,0.0627203063469468,0.15138107805912868
valuation_momentum,2026-03-30,LT,0.06012655448909282,0.924314760075461
valuation_momentum,2026-03-30,M&M,0.055743213633236685,0.4222616479473927
valuation_momentum,2026-03-30,HEROMOTOCO,0.05423356348883526,-0.05134118428032056
valuation_momentum,2026-03-30,ADANIPORTS,0.05384108851767774,0.23418470646631148
valuation_momentum,2026-03-30,HINDALCO,0.05226557977531354,0.30107035005596716
valuation_momentum,2026-06-30,NTPC,0.08375888172462251,0.9084555344638586
valuation_momentum,2026-06-30,APOLLOHOSP,0.07912321523470545,0.5989646043971649
valuation_momentum,2026-06-30,NESTLEIND,0.0766706468278975,0.8806804064604482
valuation_momentum,2026-06-30,GRASIM,0.07363500869013147,0.2505702062146565
valuation_momentum,2026-06-30,BAJAJ-AUTO,0.0706362896067,0.7960970499578482
valuation_momentum,2026-06-30,TATACONSUM,0.07040863338132335,0.1898287787631955
valuation_momentum,2026-06-30,ULTRACEMCO,0.0699655212793149,0.05010594560587125
valuation_momentum,2026-06-30,JSWSTEEL,0.06778085473066593,0.40802069310827144
valuation_momentum,2026-06-30,TITAN,0.06657391431451887,0.27064229681368834
valuation_momentum,2026-06-30,ASIANPAINT,0.06600485285763834,0.6068009709452631
valuation_momentum,2026-06-30,EICHERMOT,0.05940262518055226,0.8643662640117081
valuation_momentum,2026-06-30,HEROMOTOCO,0.0585093636595554,0.47354787229595025
valuation_momentum,2026-06-30,TATASTEEL,0.058270584276569615,0.6130674934632098
valuation_momentum,2026-06-30,BAJFINANCE,0.053721588404616105,0.47839832540706834
valuation_momentum,2026-06-30,ADANIENT,0.045538019831188395,0.6141551077575038
valuation_momentum,2026-07-03,ICICIBANK,0.08413353949673208,0.036497193436025505
valuation_momentum,2026-07-03,NTPC,0.08355446060595141,0.6845006679655407
valuation_momentum,2026-07-03,APOLLOHOSP,0.07884941062078504,0.41182164681677197
valuation_momentum,2026-07-03,GRASIM,0.07310358984005573,0.3071437805390475
valuation_momentum,2026-07-03,TATACONSUM,0.07028676316915734,0.20809345756449812
valuation_momentum,2026-07-03,BAJAJ-AUTO,0.06993621548492542,0.6835622747363895
valuation_momentum,2026-07-03,BAJAJFINSV,0.06841459055661027,0.07822320373543616
valuation_momentum,2026-07-03,JSWSTEEL,0.06716677198206776,0.5384476425050059
valuation_momentum,2026-07-03,TITAN,0.06592035031803334,0.31275311466491956
valuation_momentum,2026-07-03,ASIANPAINT,0.06538897077563101,0.6690259900006597
valuation_momentum,2026-07-03,EICHERMOT,0.05877874025792333,1.0428965145675972
valuation_momentum,2026-07-03,HEROMOTOCO,0.0581568625558618,0.5314003964900196
valuation_momentum,2026-07-03,TATASTEEL,0.05781476757942856,0.680813671866396
valuation_momentum,2026-07-03,BAJFINANCE,0.05339331933767043,0.4070725977464893
valuation_momentum,2026-07-03,ADANIENT,0.04510164741916666,0.8168888151256364
